fname,pause_id,num_of_photos,real_move,max_effective_move,total_move,avg_move
16_n1733,1,13,0,0,0,0
16_n1733,2,7,8.05009530000001,8.05009530000046,8.05009530000001,1.15001361428572
16_n1733,3,21,0,0,0,0
16_n1733,4,13,0,0,0,0
16_n1733,5,18,3.68793259273394,3.68793259273344,3.68793259273394,0.204885144040774
16_n1733,6,9,32.8034599343787,34.9295855708134,52.3729192073894,5.81921324526549
16_n1733,7,12,0,0,0,0
16_n1733,8,9,0,0,0,0
16_n1733,9,14,0,0,0,0
16_n1733,10,49,0,0,0,0
16_n1733,11,14,0,0,0,0
16_n1733,12,20,0,0,0,0
16_n1733,13,7,18.4396628656853,18.4396628656855,18.4396628656853,2.63423755224075
16_n1733,14,7,16.1992696149611,16.1992696149611,16.1992696149611,2.31418137356588
16_n1733,15,7,12.0003735441011,12.0003735441006,12.0003735441011,1.71433907772872
16_n1733,16,8,0,0,0,0
16_n1733,17,36,0,0,0,0
16_n1733,18,100,17.2051860331425,17.2051860331416,17.2051860331425,0.172051860331425
16_n1733,19,19,0,0,0,0
16_n1733,20,37,10.0003113255094,10.0003113255105,10.0003113255094,0.270278684473228
16_n1734,1,18,0,0,0,0
16_n1734,2,19,0,0,0,0
16_n1734,3,11,8.80936043204703,15.8497836052516,23.0611106621508,2.09646460565007
16_n1734,4,29,0,3.814697265625E-06,0,0
16_n1734,5,17,0,0,0,0
16_n1734,6,10,20.6500979252777,20.6500979252778,20.6500979252777,2.06500979252777
16_n1734,7,10,18.0005603161515,18.000560316151,18.0005603161515,1.80005603161515
16_n1734,8,8,0,5.39479660939444E-06,0,0
16_n1734,9,46,0,0,0,0
16_n1734,10,21,0,0,0,0
16_n1734,11,10,23.7662609438882,23.7662609438882,33.9188019402048,3.39188019402048
16_n1734,12,7,0,2.69739830469722E-06,0,0
16_n1734,13,8,0,0,0,0
16_n1734,14,12,13.9144548415868,13.9144548415867,13.9144548415868,1.15953790346557
16_n1734,15,23,0,0,0,0
16_n1734,16,20,0,0,0,0
16_n1795,1,7,3.79485131248244,3.79485131248349,3.79485131248244,0.54212161606892
16_n1795,2,7,10.43104852992,10.4310485299208,10.43104852992,1.49014978998857
16_n1795,3,9,0,0,0,0
16_n1795,4,9,0,0,0,0
16_n1795,5,22,4.56084366330614,6.32475218746967,8.11366225190552,0.368802829632069
16_n1795,6,9,20.5919012349264,20.5919012349275,20.5919012349264,2.28798902610293
16_n1795,7,13,0,0,0,0
16_n1795,8,10,0,0,0,0
16_n1795,9,19,0,0,0,0
16_n1795,10,42,9.55675687978934,9.55675687979345,9.55675687978934,0.227541830471175
16_n1795,11,10,0,0,0,0
16_n1795,12,8,0,0,0,0
16_n1795,13,15,7.41625235750833,7.41625235749996,7.41625235750833,0.494416823833889
16_n1795,14,8,58.1661932061026,58.1661932061024,62.5952407732713,7.82440509665892
16_n1796,1,7,6.80412371134015,6.80412371134,6.80412371134015,0.972017673048593
16_n1796,2,15,11.79381443299,11.7938144329897,11.79381443299,0.786254295532666
16_n1796,3,18,0,0,0,0
16_n1796,4,25,0,0,0,0
16_n1796,5,39,10.0205337063138,10.0205337063135,10.0205337063138,0.256936761700354
16_n1809,1,23,16.555147505142,16.5551475051414,16.555147505142,0.719789021962696
16_n1809,2,12,29.8378835548621,29.837883554862,41.6366586044885,3.46972155037404
16_n1809,3,13,0,0,0,0
16_n1809,4,33,0,0,0,0
16_n1809,5,13,8.4525909552022,8.45259095520179,8.4525909552022,0.650199304246323
16_n1809,6,7,36.7785668451536,41.2244887531225,50.8494301107424,7.26420430153462
16_n1809,7,19,5.44999007593226,11.3332597019316,18.2465392056335,0.960344168717554
16_n1809,8,28,6.52278080077085,6.5227808007719,6.52278080077085,0.232956457170387
16_n1809,9,19,0,7.62939453125E-06,0,0
16_n1809,10,7,5.73702546748301,5.73702546748249,5.73702546748301,0.819575066783287
16_n1809,11,8,28.9497687374358,28.9497687374354,32.7476814810267,4.09346018512834
16_n1809,12,8,33.4763082789621,33.4763082789617,35.1891135355197,4.39863919193997
16_n1809,13,9,0,0,0,0
16_n1809,14,8,0,0,0,0
16_n1809,15,8,0,0,0,0
16_n1809,16,7,0,0,0,0
16_n2051,1,9,0,0,0,0
16_n2051,2,37,17.2343818652622,20.2140688498995,28.094060097633,0.75929892155765
16_n2051,3,15,0,0,0,0
16_n2051,4,7,0,0,0,0
16_n2051,5,11,13.5585295070472,13.558529507047,13.5585295070472,1.23259359154975
16_n2051,6,19,0,0,0,0
16_n2052,1,9,0,0,0,0
16_n2052,2,9,0,0,0,0
16_n2052,3,9,19.6502186695459,19.6502186695469,20.4511126968198,2.2723458552022
16_n2052,4,11,0,0,0,0
16_n2052,5,28,0,0,0,0
16_n2052,6,11,0,0,0,0
16_n2052,7,39,0,0,0,0
16_n2052,8,11,0,0,0,0
16_n2052,9,7,0,0,0,0
16_n2053,1,40,3.69419069538152,3.80129086502853,5.80474706207277,0.145118676551819
16_n2053,2,8,0,0,0,0
16_n2053,3,11,0,0,0,0
16_n2053,4,8,0,0,0,0
16_n2053,5,10,0,0,0,0
16_n2053,6,9,0,7.62939453125E-06,0,0
16_n2053,7,9,0,0,0,0
16_n2053,8,7,0,0,0,0
16_n2053,9,7,0,0,0,0
16_n2053,10,27,0,0,0,0
16_n2053,11,10,25.2308245194294,25.2308245194292,25.287712286565,2.5287712286565
16_n2053,12,22,0,0,0,0
16_n2053,13,23,8.11337922379533,8.11337922379358,9.80180744977204,0.426165541294437
16_n2053,14,9,17.3558135168285,17.3558135168299,17.3558135168285,1.92842372409206
16_n2053,15,16,11.1648120493807,11.1648120493793,12.0551191895845,0.75344494934903
16_n2053,16,7,0,0,0,0
16_n2053,17,14,7.59150751159353,7.59150751159538,7.59150751159353,0.542250536542395
16_n2053,18,45,0,0,0,0
16_n2053,19,9,0,0,0,0
16_n2053,20,22,6.3247521874708,6.32475218747197,6.3247521874708,0.287488735794127
16_n2053,21,26,0,0,0,0
16_n2054,1,52,6.261185225519,6.26118522552125,6.261185225519,0.120407408183058
16_n2054,2,12,0,0,0,0
16_n2054,3,14,0,0,0,0
16_n2054,4,12,0,7.62939453125E-06,0,0
16_n2054,5,21,0,0,0,0
16_n2054,6,10,0,0,0,0
16_n2054,7,7,3.68793257519598,19.3500208935327,38.9961140434958,5.57087343478512
16_n2054,8,31,18.868549575233,20.4358997362907,30.4728078430742,0.98299380138949
16_n2054,9,30,8.94455032217078,13.9718342509721,24.0877693627567,0.802925645425222
16_n2054,10,7,2.00006225485403,2.00006225485291,2.00006225485403,0.285723179264862
16_n2054,11,7,17.2051860705895,17.2051860705888,17.2051860705895,2.45788372436993
16_n2054,12,13,2.82851516640595,2.82851516640865,2.82851516640595,0.217578089723534
16_n2054,13,9,0,0,0,0
16_n2054,14,9,0,0,0,0
16_n2054,15,16,5.72730669608309,5.72730669608602,5.72730669608309,0.357956668505193
16_n2085,1,14,8.45259095520307,16.5209230334387,39.1310811653624,2.79507722609731
16_n2085,2,7,20.1344855926762,20.1344855926759,20.3602490763226,2.90860701090322
16_n2085,3,13,24.3401376713834,24.3401376713837,30.2113826682645,2.32395251294342
16_n2085,4,11,0,0,0,0
16_n2085,5,36,9.00441569544261,9.00441569544271,12.1873141267215,0.338536503520041
16_n2085,6,8,23.671324593146,23.6713245931446,43.2965114994309,5.41206393742886
16_n2085,7,40,0,0,0,0
16_n2085,8,32,0,0,0,0
16_n2085,9,70,0,0,0,0
16_n2086,1,25,8.98916182246751,8.98916182246758,8.98916182246751,0.3595664728987
16_n2086,2,7,0,0,0,0
16_n2086,3,15,0,0,0,0
16_n2086,4,8,0,0,0,0
16_n2086,5,22,7.21132701399706,7.21132701399836,7.21132701399706,0.327787591545321
16_n2086,6,23,5.36673019330203,5.36673019330213,5.36673019330203,0.233336095360958
16_n2086,7,9,16.6378253510434,16.6378253510433,16.6378253510434,1.84864726122705
16_n2086,8,9,13.2064702860203,13.2064702860199,13.2064702860203,1.46738558733559
16_n2086,9,7,0,0,0,0
16_n2086,10,7,0,0,0,0
16_n2086,11,23,4.56084366330671,4.56084366330524,4.56084366330671,0.198297550578553
16_n2086,12,8,0,0,0,0
16_n2086,13,9,0,0,0,0
16_n2086,14,22,3.57782012886804,3.57782012886854,3.57782012886804,0.16262818767582
16_n2086,15,25,0,0,0,0
16_n2086,16,24,7.69439312387452,7.69439312387418,7.69439312387452,0.320599713494771
16_n2086,17,21,0,0,0,0
16_n2086,18,9,0,0,0,0
16_n2086,19,7,0,0,0,0
16_n2086,20,17,4.472275161085,4.47227516108263,4.472275161085,0.263075009475588
16_n2086,21,11,0,0,0,0
16_n2086,22,71,0,0,0,0
16_n2086,23,27,0,0,0,0
16_n2086,24,10,0,1.07895932187889E-05,0,0
16_n2086,25,27,0,0,0,0
16_n2086,26,10,0,0,0,0
16_n2087,1,9,5.44999007593326,13.4694253906157,21.9562020312464,2.43957800347182
16_n2087,2,9,11.4740509349666,11.4740509349675,11.4740509349666,1.27489454832962
16_n2087,3,35,0,0,0,0
16_n2087,4,8,9.00441569544165,9.00441569543948,9.00441569544165,1.12555196193021
16_n2087,5,7,0,0,0,0
16_n2087,6,13,0,0,0,0
16_n2087,7,9,0,0,0,0
16_n2087,8,10,0,0,0,0
16_n2087,9,7,0,0,0,0
16_n2087,10,12,0,0,0,0
16_n2087,11,9,0,0,0,0
16_n2087,12,10,0,0,0,0
16_n2087,13,35,2.00345619704592,2.00345619705828,2.00345619704592,0.057241605629883
16_n2087,14,12,0,0,0,0
16_n2087,15,11,0,0,0,0
16_n2087,16,18,0,0,0,0
16_n2087,17,22,0,0,0,0
16_n2088,1,7,0,0,0,0
16_n2088,2,11,0,0,0,0
16_n2088,3,7,0,0,0,0
16_n2088,4,10,8.09963480547105,8.0996348054706,8.09963480547105,0.809963480547105
16_n2088,5,11,6.81196657876325,6.81196657876416,6.81196657876325,0.619269688978477
16_n2088,6,29,3.57782012886798,3.57782012886651,3.57782012886798,0.123373107891999
16_n2088,7,25,3.2250034822552,3.22500348225709,3.2250034822552,0.129000139290208
16_n2088,8,10,0,0,0,0
16_n2088,9,8,0,0,0,0
16_n2088,10,10,0,7.62939453125E-06,0,0
16_n2091,1,19,3.58389139722999,5.73702546748502,10.216889714021,0.537731037580053
16_n2091,2,11,3.6941906953813,3.69419069538227,3.6941906953813,0.335835517761936
16_n2091,3,7,0,0,0,0
16_n2091,4,10,20.6268440084538,20.6268440084537,26.150556386324,2.6150556386324
16_n2091,5,7,13.3195939735372,13.3195939735367,13.3195939735372,1.90279913907674
16_n2091,6,30,11.474050934966,11.4740509349669,11.6094941241446,0.386983137471486
16_n2091,7,8,0,0,0,0
16_n2091,8,15,3.58389139722999,3.58389139722724,3.58389139722999,0.238926093148666
16_n2091,9,7,0,0,0,0
16_n2091,10,9,0,0,0,0
16_n2091,11,32,2.53419391001812,2.53419391001838,2.53419391001812,0.079193559688066
16_n2091,12,8,0,0,0,0
16_n2091,13,8,17.6486183742016,17.648618374202,17.6486183742016,2.20607729677519
16_n2091,14,8,9.89634358220075,11.6820567084043,21.3319796208838,2.66649745261048
16_n2091,15,13,0,0,0,0
16_n2091,16,8,0,7.62939453125E-06,0,0
16_n2091,17,45,9.69142814880593,9.69142814880373,10.6743646593323,0.237208103540717
16_n2091,18,17,0,0,0,0
16_n2091,19,22,0,7.62939453125E-06,0,0
16_n2091,20,9,0,0,0,0
16_n2091,21,10,6.33548477504428,6.33548477504653,6.33548477504428,0.633548477504428
16_n2091,22,13,0,0,0,0
16_n2092,1,10,5.37583709584601,5.37583709584424,5.37583709584601,0.537583709584601
16_n2092,2,15,6.52278080077113,6.52278080077302,10.0493360396389,0.669955735975927
16_n2092,3,11,0,0,0,0
16_n2092,4,9,0,0,0,0
16_n2092,5,9,2.83331492548296,2.83331492547969,2.83331492548296,0.314812769498107
16_n2092,6,8,21.8183646635343,21.8183646635336,21.8183646635343,2.72729558294179
16_n2155,1,16,6.33548477504416,6.33548477504194,6.33548477504416,0.39596779844026
16_n2155,2,8,1.79194569861502,1.79194569861159,1.79194569861502,0.223993212326878
16_n2155,3,26,8.01382478818388,8.01382478818589,16.6341881400846,0.63977646692633
16_n2155,4,11,0,0,0,0
16_n2155,5,37,5.44999007593326,5.44999007593317,5.44999007593326,0.147297029079277
16_n2155,6,11,0,0,0,0
16_n2155,7,9,4.00012450970794,12.1659037420915,23.084118838622,2.56490209318022
16_n2155,8,10,0,0,0,0
16_n2155,9,12,0,0,0,0
16_n2155,10,18,12.8066471004311,12.8066471004335,12.8066471004311,0.711480394468394
16_n2155,11,7,0,0,0,0
16_n2155,12,7,0,0,0,0
16_n2156,1,7,0,0,0,0
16_n2156,2,8,3.69419069538061,3.69419069538227,3.69419069538061,0.461773836922576
16_n2156,3,7,0,0,0,0
16_n2156,4,11,24.2078533349892,37.6735008853591,58.6242873722521,5.32948067020474
16_n2156,5,41,4.82496145623929,6.01036859113609,10.017280985229,0.244323926468999
16_n2208,1,20,6.51173091079331,9.50818735514901,15.8450852537151,0.792254262685754
16_n2208,2,9,21.7814034388059,23.2558308999999,30.8980579923962,3.43311755471069
16_n2208,3,8,56.6974436059827,56.697443605983,57.8331844271245,7.22914805339057
16_n2208,4,10,0,0,0,0
16_n2208,5,28,17.0885394194129,18.4179563856997,22.8902315257003,0.817508268775011
16_n2208,6,12,0.89445499999988,3.79485131722311,7.01985482198883,0.584987901832403
16_n2208,7,9,17.8891006,21.4855470976939,25.1734796370676,2.79705329300751
16_n2208,8,18,0,0,0,0
16_n2208,9,11,0,0,0,0
16_n2208,10,9,0,0,0,0
16_n2208,11,10,8.94455030000006,8.94455030000032,8.94455030000006,0.894455030000006
16_n2208,12,7,0,0,0,0
16_n2208,13,28,0,0,0,0
16_n2208,14,18,0,0,0,0
16_n2208,15,20,2.82851515939419,2.82851515941698,2.82851515939419,0.141425757969709
16_n2208,16,11,18.8048401876227,18.8048401876261,18.8575830563167,1.71432573239243
16_n2208,17,8,0,0,0,0
16_n2208,18,11,0,0,0,0
16_n2208,19,53,0,1.07895932187889E-05,0,0
16_n2208,20,10,0,0,0,0
16_n2208,21,21,0,0,0,0
16_n2208,22,10,0,1.07895932187889E-05,0,0
16_n2209,1,8,21.5220064043788,26.3513520998223,53.597344531905,6.69966806648812
16_n2209,2,8,12.8283789892517,20.0345618875562,40.3743491065916,5.04679363832395
16_n2209,3,30,0,0,0,0
16_n2209,4,8,0,0,0,0
16_n2209,5,34,12.7341667681796,13.319593889658,20.3173655112989,0.597569573861733
16_n2209,6,9,22.8429151795754,22.8429151795754,22.8429151795754,2.53810168661949
16_n2209,7,13,0,0,0,0
16_n2209,8,13,0,0,0,0
16_n2209,9,11,0,0,0,0
16_n2209,10,8,0,0,0,0
16_n2209,11,85,0,0,0,0
16_n2209,12,10,0,0,0,0
16_n2209,13,9,0,0,0,0
16_n2209,14,81,10.1367756479046,10.1367756479031,10.1367756479046,0.125145378369192
16_n2209,15,8,3.23047609370116,3.23047609370552,3.23047609370116,0.403809511712645
16_n2209,16,26,2.83331499091794,2.83331499092265,2.83331499091794,0.108973653496844
16_n2209,17,10,6.33548483650899,6.33548483650673,8.01382483909833,0.801382483909833
16_n2209,18,11,7.22356400876554,9.89634354458217,14.3762077645803,1.30692797859821
16_n2209,19,9,0,0,0,0
16_n2209,20,33,2.00345622095487,2.00345622098393,2.00345622095487,0.06071079457439
16_n2209,21,28,6.46095210419727,9.35423116329615,18.4822664962486,0.660080946294594
16_n2209,22,11,34.2350745287373,34.2350745287374,36.9423459614431,3.35839508740392
16_n2209,23,28,0,0,0,0
16_n2209,24,21,0,0,0,0
16_n2209,25,9,5.22437461316222,5.22437461316259,5.59323660331955,0.621470733702172
16_n2209,26,27,0,0,0,0
16_n2209,27,16,9.00441570240124,9.00441570240077,9.00441570240124,0.562775981400078
16_n2266,1,16,26.833650966512,26.8336509665115,45.2692150847719,2.82932594279824
16_n2266,2,30,50.5505596020375,57.0561359991659,86.6148890698162,2.88716296899387
16_n2266,3,15,5.44075755500726,5.44075755500524,5.44075755500726,0.362717170333817
16_n2266,4,20,0,0,0,0
16_n2266,5,13,0,0,0,0
16_n2266,6,14,6.32475218747102,6.32475218747082,6.32475218747102,0.451768013390787
16_n2266,7,8,0,0,0,0
16_n2266,8,9,9.87957874447772,14.8058652728034,23.147175290524,2.57190836561378
16_n2266,9,20,2.52990087498894,5.65703033280701,9.23485046167836,0.461742523083918
16_n2266,10,8,0,0,0,0
16_n2266,11,18,1.26495043749484,1.26495043748427,1.26495043749484,0.070275024305269
16_n2266,12,9,0,0,0,0
16_n2266,13,14,0,0,0,0
16_n2266,14,9,0,0,0,0
16_n2266,15,30,5.7273066960824,5.72730669608094,5.7273066960824,0.190910223202747
16_n2266,16,49,9.12168732661248,16.8052843190587,32.3874958663137,0.660969303394156
16_n2267,1,7,3.22500348225572,3.22500348225257,3.22500348225572,0.460714783179388
16_n2267,2,9,24.7394038037239,24.7394038037235,26.5298137311597,2.94775708123997
16_n2267,3,10,0,0,0,0
16_n2267,4,9,0,0,0,0
16_n2267,5,38,16.4443556874253,18.8685495752322,31.0344533173223,0.816696139929533
16_n2267,6,25,6.51173092556071,6.51173092556055,6.51173092556071,0.260469237022428
16_n2267,7,10,0,0,0,0
16_n2267,8,39,0,0,0,0
16_n2267,9,21,0,0,0,0
16_n2267,10,17,0,3.814697265625E-06,0,0
16_n2267,11,9,0,0,0,0
16_n2267,12,37,0,0,0,0
16_n2267,13,10,0,0,0,0
16_n2268,1,14,7.65519540365899,8.11337917484705,16.7023309528738,1.19302363949099
16_n2268,2,8,19.7317551734849,22.613332406292,43.6918895182085,5.46148618977607
16_n2268,3,8,0,0,0,0
16_n2268,4,27,0,0,0,0
16_n2268,5,7,34.3053484523071,34.305348452306,59.9401718764256,8.56288169663222
16_n2268,6,7,0,0,0,0
16_n2268,7,8,8.82430923961056,8.82430923961114,8.82430923961056,1.10303865495132
16_n2268,8,8,8.82430918478188,15.6731238000416,43.2881120213515,5.41101400266894
16_n2268,9,82,4.47986428000005,4.47986427999858,4.47986428000005,0.054632491219513
16_n2268,10,13,14.8866986275035,18.8048401624136,30.3796860969364,2.33689893053357
16_n2268,11,12,9.20897820839073,13.2970299895632,18.1138176959735,1.5094848079978
16_n2268,12,79,0,0,0,0
16_n2268,13,7,3.57782019999991,3.5778202000008,3.57782019999991,0.511117171428558
16_n2268,14,8,14.6701533984236,14.6701533984226,14.6701533984236,1.83376917480295
16_n2268,15,9,0,0,0,0
16_n2269,1,22,8.94455032217002,8.94455032217176,8.94455032217002,0.406570469189546
16_n2269,2,10,14.5606730007411,31.3059261275984,49.7722377279455,4.97722377279455
16_n2269,3,18,6.32475218747168,6.32475218746737,6.32475218747168,0.351375121526204
16_n2269,4,10,7.21132701399611,7.21132701399433,7.21132701399611,0.721132701399611
16_n2269,5,7,21.7630302200271,21.7630302200276,21.7630302200271,3.10900431714672
16_n2269,6,7,0,0,0,0
16_n2269,7,15,0,7.62939453125E-06,0,0
16_n2269,8,7,0,0,0,0
16_n2269,9,8,11.6622667947504,11.6622667947507,11.6622667947504,1.45778334934379
16_n2269,10,7,0,0,0,0
16_n2269,11,16,0,0,0,0
16_n2269,12,8,64.4318123008565,64.4318123008565,67.7334546888357,8.46668183610446
16_n2270,1,16,0.894454999999994,0.894455000005473,0.894454999999994,0.0559034375
16_n2270,2,13,9.8390053,9.83900530000047,14.6964748736279,1.13049806720214
16_n2270,3,12,0,0,0,0
16_n2270,4,9,16.9946457,16.9946457000002,17.5356853771506,1.94840948635007
16_n2270,5,9,13.8856761675023,13.8856761675016,20.8410649316585,2.31567388129539
16_n2270,6,12,0,0,0,0
16_n2270,7,14,19.1421735611586,19.1421735611588,36.0896576021088,2.57783268586492
16_n2270,8,7,23.2558309,27.7713523994204,40.9940095168938,5.85628707384197
16_n2270,9,8,36.3219235729509,36.3219235729508,64.6087828010019,8.07609785012524
16_n2270,10,70,12.8066470505981,12.8066470505981,12.8066470505981,0.18295210072283
16_n2270,11,8,47.5409370696104,54.4957326250229,74.1555573147635,9.26944466434544
16_n2270,12,9,10.1983564741268,10.1983564741264,10.1983564741268,1.13315071934742
16_n2270,13,7,0,0,0,0
16_n2270,14,8,0,0,0,0
16_n2270,15,8,23.8670370854411,23.8670370854408,28.6694851266519,3.58368564083148
16_n2270,16,7,52.0708055194487,52.0708055194488,53.3725960041903,7.62465657202718
16_n2270,17,29,6.51173090255167,6.81196655662616,7.70642158662644,0.265738675400912
16_n2270,18,8,0,0,0,0
16_n2270,19,13,8.82430918478191,8.82430918478117,8.82430918478191,0.678793014213993
16_n2270,20,20,8.11337918037047,8.95972840000002,16.6819966185126,0.834099830925632
16_n2270,21,7,5.06838782395228,5.06838782395153,5.06838782395228,0.724055403421754
16_n2270,22,9,4.97523680090956,4.97523680090867,4.97523680090956,0.552804088989952
16_n2270,23,8,0,0,0,0
16_n2270,24,8,0,0,0,0
16_n2270,25,8,6.3354848223668,6.3354848223665,6.3354848223668,0.79193560279585
16_n2270,26,15,2.68791859999999,2.68791859999971,2.68791859999999,0.179194573333333
16_n2270,27,7,0,0,0,0
16_n2270,28,7,0,0,0,0
16_n2270,29,8,0,0,0,0
16_n2270,30,17,0,0,0,0
16_n2270,31,12,5.44999008836446,5.4499900883644,5.44999008836446,0.454165840697038
16_n2270,32,9,0,0,0,0
16_n2270,33,7,0,0,0,0
16_n2270,34,59,10.2156622030222,10.2156622030222,21.9642837398537,0.372275995590741
16_n2271,1,10,5.65703033281097,5.72730669608094,8.95231017833826,0.895231017833826
16_n2271,2,11,0,0,0,0
16_n2271,3,9,16.3222726650204,16.3222726650206,16.3222726650204,1.81358585166893
16_n2271,4,7,7.69439312387433,7.69439312387229,7.69439312387433,1.09919901769633
16_n2271,5,11,11.2074894303488,11.2074894303498,11.2074894303488,1.01886267548625
16_n2271,6,9,6.2611852255195,15.849783552552,35.9093544559505,3.98992827288338
16_n2271,7,9,49.5192149703343,49.5192149703341,67.0044387436547,7.44493763818386
16_n2271,8,7,0,0,0,0
16_n2271,9,19,24.3318074841815,24.3318074841823,34.9903615562018,1.8415979766422
16_n2271,10,12,4.81678776105981,4.816787761058,4.81678776105981,0.401398980088318
16_n2271,11,26,5.44075755500674,5.72730669608348,10.0727239263622,0.387412458706239
16_n2271,12,8,8.09963480547107,8.09963480547149,8.09963480547107,1.01245435068388
16_n2271,13,26,17.088539396342,20.862097059841,29.7692746426161,1.14497210163908
16_n2271,14,11,0,0,0,0
16_n2271,15,15,8.48554549921541,8.4855454992148,9.41523927127965,0.62768261808531
16_n2271,16,14,0,0,0,0
16_n2271,17,11,14.0004357839787,14.0004357839777,18.9719602169038,1.72472365608216
16_n2271,18,7,12.1659037420909,12.1659037420891,12.1666682849601,1.73809546928001
16_n2271,19,12,0,0,0,0
16_n2271,20,17,0,0,0,0
16_n2271,21,11,15.849783552553,33.1069212156916,65.9117984249301,5.99198167499364
16_n2271,22,18,0,0,0,0
16_n2271,23,52,6.81196657876381,6.81196657876202,8.85465306245975,0.170281789662688
16_n2271,24,20,0,0,0,0
16_n2271,25,7,8.00024901941592,10.1983564659011,13.0268716323074,1.8609816617582
16_n2271,26,17,0,0,0,0
16_n2271,27,10,0,0,0,0
16_n2282,1,7,6.3354847799404,8.82430914822786,12.5260645210951,1.78943778872787
16_n2282,2,9,0,0,0,0
16_n2282,3,10,3.80129093867489,10.0172810242755,18.559263161651,1.8559263161651
16_n2282,4,9,15.9523430969132,36.7458116748877,87.252956269391,9.69477291882122
16_n2282,5,7,55.1805812722449,55.1805812722449,55.3742401378378,7.91060573397682
16_n2282,6,10,40.5173941676069,40.5173941676069,43.7961959348753,4.37961959348753
16_n2282,7,11,2.53419391197614,2.53419391197505,2.53419391197614,0.230381264725104
16_n2282,8,9,15.4148997641411,25.8438084084682,41.1525563969874,4.57250626633193
16_n2282,9,11,16.6660583561886,16.8338015171017,26.1946220393671,2.3813292763061
16_n2282,10,8,9.89634363964287,15.8766793042212,23.4792609694395,2.93490762117994
16_n2282,11,10,6.8235259805715,6.8235259805718,6.8235259805715,0.68235259805715
16_n2282,12,7,21.5406482850729,21.5406482850726,24.8824608680636,3.55463726686623
16_n2282,13,9,4.82496141354414,4.82496141354539,4.82496141354414,0.536106823727126
16_n2282,14,19,18.9005678650391,28.7270748240246,73.3958787232468,3.86294098543404
16_n2282,15,8,22.4708847091635,22.4708847091645,36.9106450294526,4.61383062868157
16_n2282,16,15,5.6666298553448,6.99777162164303,10.6919623223033,0.712797488153553
16_n2282,17,7,8.06375560000004,8.06375559999809,8.06375560000004,1.15196508571429
16_n2282,18,17,71.733804424627,71.7338044246272,77.049778807768,4.53233992986871
16_n2282,19,16,16.1523802188905,16.1523802188905,16.1523802188905,1.00952376368066
16_n2282,20,10,7.70744981639059,9.35423116329421,12.5847072569959,1.25847072569959
16_n2282,21,10,9.69142811469331,15.4148997722781,30.4341416046186,3.04341416046186
16_n2282,22,11,5.22437451883802,5.22437451883679,5.22437451883802,0.474943138076183
16_n2282,23,9,22.4172335929074,22.4172335929074,23.8905041804269,2.65450046449187
16_n2282,24,11,0,0,0,0
16_n2282,25,8,12.020737146844,12.0207371468449,12.020737146844,1.50259214335549
16_n2282,26,10,16.5209230462048,22.8429152525302,30.550365127045,3.0550365127045
16_n2283,1,8,0,0,0,0
16_n2283,2,19,11.4546133921663,11.454613392167,15.1049381204494,0.794996743181547
16_n2283,3,7,35.0667442138565,35.0667442138557,36.4989408038253,5.21413440054647
16_n2283,4,8,25.939195934296,25.9391959342953,26.192119042091,3.27401488026138
16_n2283,5,8,5.44075755500626,5.44075755499855,5.44075755500626,0.680094694375783
16_n2302,1,13,2.00006225485402,4.81678776106404,12.5140664043997,0.962620492646132
16_n2302,2,8,21.2609534036466,27.2037877750345,33.5715061874782,4.19643827343478
16_n2302,3,8,19.6373115737719,19.637311573772,19.6373115737719,2.45466394672149
16_n2302,4,31,5.65703033280999,7.37586515039348,11.5780691482839,0.373486101557544
16_n2302,5,11,2.82851516640502,2.8285151664035,2.82851516640502,0.257137742400456
16_n2302,6,8,0,0,0,0
16_n2302,7,15,17.2051860705899,22.3613758054274,37.4927501648776,2.49951667765851
16_n2302,8,9,0,0,0,0
16_n2302,9,9,0,0,0,0
16_n2302,10,8,18.4396628759808,18.439662875981,18.4396628759808,2.3049578594976
16_n2302,11,14,0,0,0,0
16_n2302,12,13,14.000435783979,14.0004357839818,21.8715390011809,1.68242607701391
16_n2302,13,9,0,0,0,0
16_n2302,14,8,0,0,0,0
16_n2302,15,17,11.4546133921661,11.4546133921657,11.4546133921661,0.673800787774477
16_n2302,16,87,17.8891006443411,20.1798253354953,29.7010810466774,0.341391736168706
16_n2302,17,10,5.72730669608327,6.81196657876096,10.0369700610204,1.00369700610204
16_n2302,18,15,0,0,0,0
16_n2302,19,79,3.68793257519618,5.21552426496356,8.90345684015752,0.11270198531845
16_n2302,20,63,2.00006225485398,7.69439312387418,13.6945798884373,0.21737428394345
16_n2302,21,11,28.8453080559871,28.8453080559874,34.4342503643921,3.13038639676291
16_n2303,1,8,0,0,0,0
16_n2303,2,33,19.0064543251334,19.0064543251335,40.9801336232387,1.24182223100723
16_n2303,3,11,15.9523430536937,22.8077451901591,30.0852107363062,2.73501915784602
16_n2303,4,77,0,0,0,0
16_n2303,5,7,6.46095209920454,6.46095209920925,6.46095209920454,0.922993157029221
16_n2303,6,10,6.52278080077093,9.00441569544594,12.8057065604693,1.28057065604693
16_n2303,7,11,4.00691239409157,15.2578678242384,42.5088916265929,3.86444469332663
16_n2303,8,7,0,0,0,0
16_n2303,9,8,0,0,0,0
16_n2303,10,11,17.6030734766631,17.6030734766628,31.4794965109798,2.86177241008907
16_n2303,11,23,11.682056708405,11.6820567084043,12.2598062682543,0.533035055141493
16_n2303,12,12,0.895972849308009,0.895972849261131,0.895972849308009,0.074664404109001
16_n2303,13,9,13.7057491268064,13.7057491268047,41.4118933749371,4.60132148610412
16_n2303,14,8,9.64992291247843,9.64992291247879,9.64992291247843,1.2062403640598
16_n2303,15,7,33.344156537158,33.3441565371584,34.419628762864,4.91708982326629
16_n2303,16,7,22.3993212326896,22.3993212326912,22.3994601406913,3.19992287724162
16_n2303,17,18,0,0,0,0
16_n2303,18,7,0.895972849306986,0.895972849293614,0.895972849306986,0.127996121329569
16_n2303,19,12,11.6476470409989,11.6476470409994,16.4591177579384,1.37159314649487
16_n2303,20,7,13.9380665050975,15.2051634601074,19.6035235649333,2.80050336641904
16_n2303,21,15,4.00691239409151,4.00691239409113,4.00691239409151,0.267127492939434
16_n2303,22,9,22.39932123269,22.3993212326905,31.6104636687802,3.51227374097558
16_n2303,23,7,0,0,0,0
16_n2303,24,7,16.2267584475896,16.2267584475898,16.5777952170288,2.36825645957554
16_n2303,25,8,5.06838782003564,5.0683878200339,5.06838782003564,0.633548477504455
16_n2303,26,11,15.6474931136714,15.6474931136709,15.6474931136714,1.42249937397013
16_n2325,1,21,30.2664339877347,32.4232238267753,55.6148072454169,2.64832415454366
16_n2325,2,15,13.4466075964473,13.4466075964485,13.4466075964473,0.896440506429817
16_n2325,3,67,0,0,0,0
16_n2325,4,28,34.0363352484583,38.5550585144855,47.7626964822648,1.70581058865232
16_n2325,5,8,20.4163157358784,20.4163157358757,36.3425865017999,4.54282331272498
16_n2325,6,10,8.24646793457485,19.2047639909351,34.4367843215069,3.44367843215069
16_n2325,7,14,41.580135015016,41.5801350150159,45.18030525992,3.22716466142286
16_n2325,8,7,40.4981740273537,46.6919234739189,77.7314882103736,11.1044983157677
16_n2325,9,14,0,0,0,0
16_n2325,10,39,0,0,0,0
16_n2325,11,8,0,0,0,0
16_n2325,12,7,7.64222714528052,7.64222714527953,7.64222714528052,1.09174673504007
16_n2325,13,8,6.81196657876414,13.6825309899189,22.6270813120889,2.82838516401111
16_n2325,14,10,0,0,0,0
16_n2325,15,19,0,0,0,0
16_n2325,16,8,0,0,0,0
16_n2325,17,11,0,0,0,0
16_n2325,18,18,2.52990087498832,2.52990087498004,2.52990087498832,0.140550048610462
16_n2325,19,8,0,0,0,0
16_n2325,20,20,3.68793257519582,3.68793257517899,3.68793257519582,0.184396628759791
16_n2325,21,10,8.24646793457395,8.24646793457489,8.24646793457395,0.824646793457395
16_n2325,22,32,19.8601247150322,19.8601247150341,23.3063325980514,0.728322893689106
16_n2325,23,7,5.81826712753774,10.4693277357333,25.9760364615261,3.71086235164659
16_n2325,24,14,16.8765437948179,16.876543794821,24.4506745574492,1.74647675410352
16_n2325,25,9,0,0,0,0
16_n2325,26,32,0,0,0,0
16_n2325,27,10,0,0,0,0
16_n2325,28,7,15.3887862477482,15.3887862477503,15.3887862477482,2.1983980353926
16_n2325,29,24,13.6532635104363,37.7370991504659,120.333930942264,5.01391378926102
16_n2326,1,8,7.70744988018359,7.70744988018346,7.70744988018359,0.963431235022948
16_n2326,2,7,24.9589154619428,24.9589154619423,27.5490211037962,3.93557444339945
16_n2326,3,11,10.8260811292766,10.8260811292712,10.8353300473776,0.985030004307056
16_n2326,4,13,0,0,0,0
16_n2326,5,25,16.5209230334371,16.5209230334351,16.6985035348842,0.667940141395367
16_n2326,6,29,13.3195939735372,21.6892061902703,48.784686936743,1.68223058402562
16_n2326,7,22,9.13716608453763,9.13716608453826,13.997486984202,0.636249408372818
16_n2326,8,13,9.22460507283787,9.22460507283531,11.7573297926842,0.904409984052629
16_n2326,9,18,5.22437458340019,12.1865482864858,19.410112333081,1.07833957406005
16_n2326,10,9,9.00441569544261,9.00441569544433,9.00441569544261,1.00049063282696
16_n2326,11,31,10.7889418049672,15.647493113669,30.6256923853528,0.987925560817833
16_n2326,12,12,48.0829487291033,48.0829487291032,66.0918272050142,5.50765226708452
16_n2326,13,10,95.3948145453937,96.2868635224784,99.9295715601425,9.99295715601425
16_n2326,14,17,15.8513778428238,15.8513778428261,15.8513778428238,0.932433990754342
16_n2326,15,7,13.3195939735379,16.2267584475907,28.6980791379314,4.09972559113306
16_n2326,16,12,1.26709695500945,1.26709695501206,1.26709695500945,0.105591412917454
16_n2326,17,32,12.4794577309705,15.8513778428224,23.0887662865183,0.721523946453698
16_n2326,18,12,2.00345619704547,2.00345619704375,2.00345619704547,0.166954683087123
16_n2326,19,16,0,0,0,0
16_n2326,20,11,5.2243745833997,5.22437458339932,5.2243745833997,0.474943143945427
16_n2326,21,7,0,0,0,0
16_n2326,22,10,14.3635374508146,14.3635374508138,14.3635374508146,1.43635374508146
16_n2326,23,8,0,0,0,0
16_n2326,24,21,5.06838782003564,8.11337922379358,19.4047205012091,0.924034309581387
17_n1895,1,8,19.1212646215916,28.4121497409186,58.4746131314802,7.30932664143502
17_n1895,2,13,47.237050132205,52.0477534440593,117.044846839405,9.00344975687734
17_n1895,3,17,21.8364301930616,21.8364301930635,30.9252619180759,1.81913305400446
17_n1895,4,8,7.37586515039291,7.37586515039743,7.37586515039291,0.921983143799113
17_n1895,5,61,2.82851516640496,2.82851516639322,2.82851516640496,0.046369101088606
17_n1896,1,8,32.9858717382988,32.9858717382996,33.9892912242488,4.2486614030311
17_n1897,1,23,14.5853812728548,23.2608080614866,52.1474609531258,2.26728091100547
17_n1897,2,77,22.0380181675052,22.0380181675037,31.7170088391385,0.411909205703098
17_n1897,3,14,12.4472526250733,12.4472526250757,12.7235832002219,0.90882737144442
17_n1897,4,21,10.0172809852298,14.5853812728545,40.3380950096213,1.92086166712483
17_n1897,5,96,4.82496145623924,4.8249614562394,4.82496145623924,0.050260015169159
17_n1897,6,11,7.22356404659495,14.1665746274128,23.5378334419254,2.13980304017504
17_n1897,7,11,16.8338015131404,16.83380151314,16.9480454285016,1.54073140259105
17_n1898,1,9,0,0,0,0
17_n1898,2,13,4.00012450970794,10.7334603866043,28.9712427251055,2.22855713270042
17_n1898,3,19,0,0,0,0
17_n1898,4,95,12.8066471004314,21.1098967594524,77.4625699267536,0.815395472913196
17_n1898,5,19,5.72730669608245,11.2074894303498,19.911636379134,1.04798086205968
17_n1898,6,7,9.20897818945168,9.20897818945006,9.20897818945168,1.31556831277881
17_n1898,7,7,4.81678776106026,6.51173092556251,13.8568086227602,1.97954408896574
17_n1898,8,92,17.2051860705897,20.9577513764593,61.8270807787728,0.672033486725791
17_n1898,9,18,25.6132942008625,38.0327496616074,183.223862866546,10.1791034925859
17_n1898,10,9,23.2730255393185,26.684158711603,53.2158012462439,5.91286680513821
17_n1898,11,26,18.783555676558,31.4588875894001,126.642138244877,4.87085147095681
17_n1898,12,100,12.6495043749429,21.0529710915294,75.700788322431,0.75700788322431
17_n1898,13,20,19.1212646215914,27.6124512464846,108.11278528931,5.4056392644655
17_n1898,14,11,26.5940600006486,30.8035560986862,53.8129940363906,4.8920903669446
17_n2284,1,11,10.0172810153318,11.6820567020931,25.6556571132379,2.33233246483981
17_n2284,2,10,13.0455616116237,15.3103907722062,21.3174016560421,2.13174016560421
17_n2284,3,12,55.8745220798409,55.8745220798407,72.1397628016643,6.01164690013869
17_n2284,4,13,0,0,0,0
17_n2284,5,7,59.0119034517814,59.0119034517814,59.4396595867562,8.49137994096518
17_n2284,6,8,48.3244266432664,48.3244266432664,56.810651940955,7.10133149261937
17_n2284,7,13,20.9166967412399,42.4524757012152,142.416246778668,10.9550959060514
17_n2284,8,11,6.52278075773575,9.85570130000489,14.8015677834575,1.34559707122341
17_n2284,9,7,10.2156622161781,18.9005679266642,30.5626756924,4.36609652748572
17_n2284,10,7,7.60258173592843,17.3041099571105,41.6153543365409,5.94505061950584
17_n2284,11,9,22.1832455416763,25.4840888405537,44.94755403321,4.99417267035667
17_n2284,12,11,7.65519540365906,9.22460514796269,11.2280613689109,1.02073285171917
17_n2284,13,8,34.8509253106677,34.8509253106669,57.4610387793855,7.18262984742319
17_n2284,14,7,47.6889913269824,47.6889913269828,56.803701176403,8.11481445377186
17_n2284,15,11,2.68791860000005,2.68791859999971,2.68791860000005,0.244356236363641
17_n2284,16,10,15.2578677831804,30.1185507491092,47.9449547347334,4.79449547347334
17_n2284,17,9,32.1178462054466,32.1178462054466,36.5598085813952,4.06220095348836
17_n2284,18,9,5.0683878239523,5.06838782395009,5.0683878239523,0.563154202661366
17_n2284,19,9,23.2608081141298,24.9910583706858,35.5214771855668,3.94683079839631
17_n2284,20,18,0,0,0,0
17_n2284,21,7,0,0,0,0
17_n2284,22,14,27.78960581913,29.5535255858859,42.4438657268463,3.03170469477474
17_n2284,23,14,12.5223705,17.6187208397254,50.7081122579471,3.62200801842479
17_n2284,24,10,14.5606729861493,14.5606729861497,14.5606729861493,1.45606729861493
17_n2284,25,16,0,0,0,0
17_n2285,1,9,2.68336510000003,11.6622667888524,26.3282145489868,2.92535717210965
17_n2285,2,11,0,0,0,0
17_n2285,3,7,28.538582675874,28.5385826758735,38.4456964450393,5.49224234929133
17_n2285,4,7,16.32227268539,16.3222726853896,37.5130881320306,5.35901259029008
17_n2285,5,7,24.1668441744003,24.1668441744003,38.4493198745531,5.49275998207901
17_n2285,6,13,18.6767693873336,18.6767693873351,18.6767693873336,1.43667456825643
17_n2285,7,26,9.20897816856796,17.2747960180414,78.6848839426907,3.02634169010349
17_n2285,8,16,10.4693277687344,10.4693277687365,10.4693277687344,0.654332985545898
17_n2285,9,9,34.0598329669612,34.0598329669629,103.754634750153,11.528292750017
17_n2285,10,7,19.2047640164554,19.2047640164554,22.7701608645662,3.25288012350946
17_n2285,11,8,29.7330629705577,41.8964112428094,66.8388206289401,8.35485257861752
17_n2285,12,7,27.7857528519565,44.4175958611564,91.6343473948167,13.0906210564024
17_n2285,13,14,5.44075757275656,8.00024908902767,15.0235241110932,1.07310886507808
17_n2285,14,12,6.32475217179417,6.3247521717944,6.32475217179417,0.527062680982848
17_n2285,15,7,0,7.62939453125E-06,0,0
17_n2285,16,15,0,0,0,0
17_n2285,17,23,0,0,0,0
17_n2285,18,22,6.32475217179417,17.6414107192476,49.0830849525227,2.23104931602376
17_n2285,19,9,24.1668442080809,24.7394038345979,41.2891122443604,4.58767913826227
17_n2285,20,8,27.4380550332527,27.4380550332525,29.3672360116833,3.67090450146041
17_n2285,21,23,21.1009856069571,21.206752984947,22.605062240747,0.982828793075957
17_n2285,22,12,0,0,0,0
17_n2285,23,18,6.27180989999997,6.27180989999914,8.28115501725355,0.460064167625197
17_n2286,1,10,8.82430914822941,8.82430914822786,18.4079948796169,1.84079948796169
17_n2286,2,15,2.53419391197621,2.53419391197074,2.53419391197621,0.168946260798414
17_n2286,3,13,20.6851394924788,20.6851394924787,42.8445463238626,3.29573433260482
17_n2286,4,10,0,0,0,0
17_n2286,5,8,6.82352590835294,6.82352590835418,6.82352590835294,0.852940738544118
17_n2286,6,15,0,5.39479660939444E-06,0,0
17_n2286,7,7,0,0,0,0
17_n2286,8,12,9.69142819789832,11.6820567020919,16.5070181156374,1.37558484296978
17_n2286,9,21,15.8513778918138,15.8513778918141,21.0529411693496,1.00252100806427
17_n2286,10,15,0,0,0,0
17_n2286,11,19,2.83331499091797,3.8012909386745,5.59323663867499,0.294380875719736
17_n2286,12,7,8.26046147429303,8.26046147429212,8.26046147429303,1.180065924899
17_n2286,13,20,0,0,0,0
17_n2286,14,8,0,0,0,0
17_n2286,15,9,0,0,0,0
17_n2286,16,9,0,0,0,0
17_n2286,17,10,0,0,0,0
17_n2286,18,7,0,0,0,0
17_n2286,19,14,32.304760520986,32.3047605209849,36.6255330461072,2.61610950329337
17_n2287,1,52,19.1421735611585,44.3454891734221,150.745665777757,2.89895511111071
17_n2287,2,36,22.127595381778,22.1275953817774,22.4400944784253,0.623335957734037
17_n2287,3,11,72.4729394921238,72.472939492124,108.874311809705,9.89766470997316
17_n2287,4,8,10.8077412877004,10.8077412876986,14.187831805816,1.773478975727
17_n2287,5,9,22.3613758,22.3613758000001,22.3613758,2.48459731111111
17_n2287,6,10,25.0447409,25.0447409,39.4522099307577,3.94522099307577
17_n2287,7,8,8.00024900853072,8.00024900853171,11.3151079185701,1.41438848982127
17_n2287,8,10,84.8790226483263,84.8790226483264,104.261811904355,10.4261811904355
17_n2287,9,7,0,0,0,0
17_n2287,10,10,0,0,0,0
17_n2287,11,12,0,0,0,0
17_n2287,12,15,0,0,0,0
17_n2287,13,7,25.1880824142233,25.1880824142231,38.4986563025745,5.49980804322492
17_n2287,14,9,0,0,0,0
17_n2287,15,14,0,0,0,0
17_n2287,16,34,0,0,0,0
17_n2287,17,8,0,0,0,0
17_n2287,18,9,0,0,0,0
17_n2287,19,13,0,0,0,0
17_n2287,20,12,0,0,0,0
17_n2304,1,7,21.5406482185217,21.5406482185222,22.1706584487615,3.16723692125164
17_n2304,2,8,43.4616102470898,43.4616102470898,66.6393507120092,8.32991883900115
17_n2304,3,91,2.53419391197613,4.82496150639188,9.70197679197617,0.106615129582156
17_n2304,4,14,5.73702551096027,10.7516742000014,32.4156590937238,2.31540422098027
17_n2304,5,12,42.11072391,63.6393059571607,119.783047284177,9.98192060701471
17_n2304,6,19,12.447252629654,12.4472526296541,12.447252629654,0.655118559455473
17_n2304,7,17,0,0,0,0
17_n2304,8,36,0,0,0,0
17_n2304,9,8,2.00345622095489,2.00345622095488,2.00345622095489,0.250432027619361
17_n2304,10,11,46.9510290841373,50.1504744899963,61.5297501913255,5.59361365375686
17_n2304,11,22,15.4668894145561,19.8938256520579,92.4197031928375,4.20089559967443
17_n2304,12,59,17.6030735360754,17.6030735360764,17.6030735360754,0.29835717857755
17_n2304,13,30,2.68791859999999,2.68791860000513,2.68791859999999,0.089597286666666
17_n2304,14,7,0,0,0,0
17_n2304,15,19,31.371846722483,31.3718467224824,69.5571165207648,3.66090086951394
17_n2304,16,8,4.82496145996801,4.82496145997618,4.82496145996801,0.603120182496001
17_n2305,1,17,12.7125946053633,12.7125946053632,18.1817557944496,1.06951504673233
17_n2305,2,8,18.4396628424019,18.4396628424012,41.1875058078281,5.14843822597851
17_n2305,3,22,5.44075755631666,11.4546133387874,34.6173960074418,1.57351800033826
17_n2305,4,10,6.45000700954039,6.45000700953933,6.45000700954039,0.645000700954039
17_n2305,5,14,12.8066470861482,12.8066470861494,12.8577514003318,0.918410814309416
17_n2305,6,9,6.3247522425048,6.32475224250222,6.3247522425048,0.7027502491672
17_n2305,7,18,5.72730677090571,6.32475224250452,7.21920724250483,0.401067069028046
17_n2305,8,13,0,0,0,0
17_n2305,9,24,11.3845539516559,11.3845539516553,11.3845539516559,0.47435641465233
17_n2305,10,8,13.0234618902669,15.8497836137163,31.7051704222922,3.96314630278653
17_n2305,11,11,8.05009530000001,8.05009530000046,8.05009530000001,0.731826845454546
17_n2305,12,7,1.26495039193246,6.32475224250452,13.2193941145554,1.88848487350792
17_n2305,13,7,17.6187208123113,17.618720812311,17.6187208123113,2.51696011604448
17_n2305,14,16,3.79485131014757,8.94455039999954,15.7565170446017,0.984782315287605
17_n2305,15,10,21.5041573965786,21.5041573965787,21.6282266507362,2.16282266507362
17_n2305,16,11,61.8792239959323,61.8792239959324,63.7456020480632,5.79505473164211
17_n2305,17,9,12.5542746799631,13.4168255000001,15.0841754772192,1.6760194974688
17_n2305,18,9,9.63357551866736,11.7647191364928,25.0862271875249,2.78735857639166
17_n2305,19,18,3.79485131014755,3.79485131014723,3.79485131014755,0.210825072785975
17_n2305,20,14,10.7706648800833,10.7706648800829,10.7706648800833,0.769333205720235
17_n2305,21,27,14.9937986353922,14.9937986353923,20.5979745542223,0.762887946452676
17_n2306,1,10,3.68793257519592,18.9531623295863,57.2468459631912,5.72468459631912
17_n2306,2,14,5.72730669608339,18.4396628759817,90.8425523877491,6.48875374198208
17_n2306,3,7,2.00006225485404,12.9000139290227,47.0311947674263,6.71874210963234
17_n2306,4,8,14.1425758320262,14.1425758320258,38.8070033827597,4.85087542284496
17_n2306,5,10,7.37586515039237,12.4583169852028,49.2307118378324,4.92307118378324
17_n2306,6,8,22.4149788606969,48.4824331700308,98.8164451646486,12.3520556455811
17_n2306,7,14,9.63357552211944,21.633981041991,95.4637101418493,6.81883643870352
17_n2306,8,7,38.0327496616071,43.1661440836397,76.5003472280602,10.92862103258
17_n2306,9,9,18.783555676559,18.7835556765599,57.0918027115577,6.34353363461753
17_n2306,10,9,21.5041574374023,24.0839388053003,45.7143623384732,5.07937359316369
17_n2306,11,23,23.816702364157,38.7516900708072,144.743023260915,6.29317492438762
17_n2306,12,10,22.43281808267,28.086457722416,74.5883074526366,7.45883074526366
17_n2306,13,14,8.4855454992163,14.1425758320258,56.4681860969506,4.0334418640679
17_n2306,14,15,7.69439312387511,22.8042183165319,84.7342174011012,5.64894782674008
17_n2306,15,7,26.6841587116029,30.3851522059025,44.9321621360776,6.41888030515395
17_n2307,1,8,18.1113340179553,18.1113340179555,73.6283822705912,9.2035477838239
17_n2307,2,10,14.0004357839796,47.2624486734068,133.684292237278,13.3684292237278
17_n2307,3,7,5.72730669608246,16.6378253510442,47.7449102975843,6.82070147108347
17_n2307,4,8,48.5071796283859,48.5071796283858,69.3724296980108,8.67155371225135
17_n2307,5,7,15.6209855777674,48.3005717397222,91.62742216761,13.08963173823
17_n2307,6,89,0,0,0,0
17_n2307,7,97,0,3.814697265625E-06,0,0
17_n2307,8,19,52.6818068441109,71.4948823480596,211.335686802067,11.1229308843193
17_n2307,9,7,26.4129405720415,31.7626007070318,63.8473737810736,9.12105339729623
17_n2307,10,8,2.68336509665099,23.5294382598405,74.713488866734,9.33918610834175
17_n2307,11,7,20.278698173069,34.5148396944921,82.6672772118044,11.8096110302578
17_n2327,1,7,0,0,0,0
17_n2327,2,28,0,0,0,0
17_n2327,3,57,2.828515191017,11.7647191015207,21.1031037760298,0.37022989080754
17_n2327,4,8,4.47227514000003,4.47227514000772,4.47227514000003,0.559034392500004
17_n2327,5,15,0,0,0,0
17_n2327,6,86,0,0,0,0
17_n2327,7,7,0,0,0,0
17_n2327,8,36,0,0,0,0
17_n2327,9,42,0,1.07895932187889E-05,0,0
17_n2327,10,38,3.2250035047702,3.22500350476854,3.2250035047702,0.084868513283426
17_n2327,11,33,28.5806027102864,28.5806027102875,35.3303747502335,1.07061741667374
17_n2327,12,18,0,0,0,0
17_n2327,13,10,47.6082040728202,47.6082040728201,49.1461215512786,4.91461215512786
17_n2327,14,8,11.3140606691997,15.6209855247383,37.8625657100799,4.73282071375999
17_n2327,15,7,22.3613758,22.804218256085,32.8045294832062,4.68636135474375
17_n2327,16,9,41.6570284896238,41.657028489624,43.0621273741527,4.78468081935031
17_n2327,17,9,8.48554541493715,17.3671752943694,44.22711105178,4.91412345019778
17_n2328,1,11,23.6142904582576,23.6142904582573,32.0087215768848,2.9098837797168
17_n2328,2,8,0,0,0,0
17_n2328,3,21,11.3140606656211,11.3140606656192,11.6836021750821,0.556362008337241
17_n2328,4,59,17.9114480617291,17.9114480617288,17.9114480617291,0.303583865453036
17_n2328,5,8,0,0,0,0
17_n2328,6,13,0,0,0,0
17_n2328,7,8,18.1113340179557,19.1421736104731,25.5921805749852,3.19902257187316
17_n2328,8,7,9.63357552211958,17.9783236449344,39.5102729866708,5.64432471238154
17_n2328,9,36,4.56084366330677,4.56084366331162,4.56084366330677,0.126690101758522
17_n2328,10,21,0,0,0,0
17_n2328,11,61,17.2051860705901,17.3671752555287,47.2972405733336,0.775364599562846
17_n2329,1,55,0,0,0,0
17_n2329,2,13,12.7341667977402,12.7341667977402,12.7341667977402,0.979551292133864
17_n2329,3,21,5.66662985096596,6.33548477504538,9.1687997005275,0.436609509548929
17_n2329,4,15,3.23047604960137,3.23047604960575,3.23047604960137,0.215365069973425
17_n2329,5,16,6.46095209920492,6.46095209920474,9.24084464074054,0.577552790046284
17_n2329,6,24,2.83331492548283,2.83331492547969,2.83331492548283,0.118054788561785
17_n2329,7,11,7.38838139076185,13.0455616015405,36.1385316830349,3.28532106209408
17_n2329,8,12,0,0,0,0
17_n2329,9,8,0,0,0,0
17_n2329,10,13,0,0,0,0
17_n2329,11,9,0,0,0,0
17_n2329,12,9,7.22356404659543,7.22356404659336,7.22356404659543,0.802618227399492
17_n2329,13,11,6.33548477504422,6.33548477504424,6.93372680597375,0.630338800543069
17_n2329,14,11,89.8522743492084,89.8522743492087,104.023663956872,9.45669672335196
17_n2329,15,7,0,0,0,0
17_n2329,16,11,0,0,0,0
17_n2329,17,8,32.4658824955116,32.465882495511,35.5422638540074,4.44278298175092
17_n2329,18,7,0,0,0,0
17_n2329,19,14,0,0,0,0
17_n2329,20,9,0,7.62939453125E-06,0,0
17_n2329,21,11,0,0,0,0
17_n2329,22,10,5.737025467483,5.73702546748249,5.737025467483,0.5737025467483
17_n2329,23,7,10.7889418049674,25.2308245194292,69.6673465807061,9.95247808295801
17_n2329,24,7,24.3730965729698,24.3730965729698,26.1696612332402,3.73852303332004
17_n2329,25,8,28.6291016446019,28.6291016446019,31.2058061317988,3.90072576647484
17_n2329,26,8,0,0,0,0
17_n2329,27,9,14.0241933793214,14.0241933793215,14.0241933793214,1.55824370881348
17_n2329,28,8,0,0,0,0
17_n2330,1,8,15.8245249172952,26.0776213248005,65.0622488210059,8.13278110262574
17_n2330,2,28,5.21552426495965,5.21552426496356,5.21552426495965,0.186268723748559
17_n2330,3,10,19.2047639909355,22.9963675583617,36.7386613790305,3.67386613790305
17_n2330,4,8,49.2031575094175,55.4634248754239,70.7815985337811,8.84769981672263
17_n2330,5,33,9.20897818945173,9.2089781894548,9.20897818945173,0.279059945134901
17_n2434,1,10,63.2475218747126,63.2475218747123,96.7019269212445,9.67019269212445
17_n2434,2,9,14.3392049918122,30.5296253240524,94.0694491857211,10.4521610206357
17_n2434,3,8,13.535560766617,17.0181676242333,44.3945180711048,5.54931475888809
17_n2434,4,8,14.1425758320264,20.6500979630365,44.1535793675485,5.51919742094356
17_n2435,1,11,7.21132702713082,20.3967129777237,82.1934786536833,7.47213442306212
17_n2435,2,7,28.6365334814609,33.3956498980777,58.2031236169829,8.31473194528328
17_n2435,3,79,12.5542746799631,12.5542746799636,19.0165758201124,0.240716149621676
17_n2435,4,7,14.4226540046477,26.0469236843801,50.464457053721,7.20920815053156
17_n2435,5,7,8.48554547818275,17.0885394194114,62.7449778529497,8.9635682647071
17_n2435,6,7,16.1992696149611,16.1992696149638,24.6288486557486,3.51840695082122
17_n2435,7,23,26.8932152266766,26.8932152266757,29.8363467075051,1.2972324655437
17_n2435,8,27,0,0,0,0
17_n2435,9,10,18.4396628327004,21.5413297609974,73.7735973726277,7.37735973726277
17_n2435,10,9,16.8052842726144,23.6142904675264,67.7105876041738,7.52339862268598
17_n2435,11,7,0,0,0,0
17_n2435,12,16,9.87957878970161,32.9979966673022,167.114715739029,10.4446697336893
17_n2435,13,10,17.70930612345,28.969850597876,88.3267375091397,8.83267375091397
17_n2435,14,10,15.6209855476371,21.2609533993282,49.2019942093904,4.92019942093904
17_n2435,15,16,32.0634371161852,38.9986497982843,195.231114235287,12.2019446397054
17_n2435,16,7,63.6070111194512,63.6070111194512,69.8562102905695,9.9794586129385
17_n2435,17,10,18.4396628424019,24.4302507756726,77.9394604234583,7.79394604234583
17_n2435,18,11,8.94455035999999,31.1522136317958,120.084900005373,10.9168090913976
17_n2435,19,10,2.82851515939424,18.2433747021411,81.6589560041026,8.16589560041026
17_n2435,20,8,3.22500350477023,14.7517303224298,56.9905197808976,7.1238149726122
17_n2435,21,37,14.8866986695625,14.8866986695633,14.8866986695625,0.402343207285472
17_n2435,22,7,26.833651,40.6559084625747,80.9839924437397,11.5691417776771
17_n2435,23,20,0,0,0,0
17_n2435,24,14,0,0,0,0
17_n2435,25,11,14.8866985854446,15.3106038888684,73.4014586759109,6.67285987962826
17_n2436,1,59,0,0,0,0
17_n2436,2,14,0,0,0,0
17_n2436,3,7,9.83900529999997,11.6622667351618,18.5002227411425,2.64288896302036
17_n2436,4,14,0,0,0,0
17_n2437,1,7,13.0234618511204,14.8058652728029,26.4681320675542,3.78116172393631
17_n2437,2,11,22.5750243757891,34.247233663893,79.040473631124,7.18549760282945
17_n2437,3,7,13.6532635104376,33.1069212156929,73.9033210275731,10.5576172896533
17_n2437,4,7,19.6169303419452,20.7467297400401,41.6765613351609,5.95379447645156
17_n2437,5,15,10.4310485299201,10.4310485299215,16.0614865952867,1.07076577301911
17_n2437,6,8,11.063797725589,11.0637977255869,11.063797725589,1.38297471569863
17_n2437,7,14,8.24646793457497,12.5542746312863,18.5392217692832,1.32423012637737
17_n2437,8,11,16.125017411278,16.1250174112791,16.125017411278,1.46591067375255
17_n2437,9,14,23.0831793716234,23.0831793716225,82.9718418171643,5.92656012979745
17_n2437,10,8,13.9718342509732,23.4783797441309,51.3974253716419,6.42467817145524
17_n2437,11,21,14.4226540279932,30.1737746677685,115.636193397405,5.50648539987642
17_n2437,12,15,26.0776213248002,26.077621324801,30.5950693977055,2.03967129318036
17_n2438,1,7,6.5117309255597,12.1659037420915,31.7856967083619,4.54081381548028
17_n2438,2,9,15.2057355476907,26.077621324801,76.4624952181135,8.49583280201261
17_n2438,3,7,6.98591712548692,17.2051860705888,54.2128837993542,7.74469768562203
17_n2438,4,7,2.52990087498911,18.1113340179567,65.8624150565081,9.40891643664402
17_n2438,5,9,100.230860502622,100.230860502622,109.634755198136,12.1816394664595
17_n2438,6,19,26.6841587116029,46.7261802088829,141.244901564211,7.43394218759004
17_n2438,7,20,17.6187208448146,23.8670371206133,48.0112711097638,2.40056355548819
17_n2438,8,7,14.5606730007406,17.821890260279,41.9452415653348,5.9921773664764
17_n2438,9,8,21.5041574374023,29.1213460014808,68.4404866951373,8.55506083689216
17_n2438,10,15,14.7517303007858,14.751730300785,23.1285552123683,1.54190368082456
17_n2438,11,38,8.98916182246756,8.9891618224692,11.0749831009811,0.29144692371003
17_n2439,1,23,10.1196034999539,10.1196034999533,10.1196034999539,0.43998276086756
17_n2439,2,11,26.8932151928925,28.0722114837532,67.2096596165317,6.10996905604834
17_n2439,3,9,41.3001959260703,41.3001959260699,65.1621710635871,7.24024122928746
17_n2439,4,7,21.7814034020418,22.5750243757899,58.4276232935509,8.34680332765012
17_n2442,1,12,0,0,0,0
17_n2442,2,11,24.1877226607562,33.1607694373268,58.230205886331,5.29365508057555
17_n2442,3,9,37.6329540014541,43.9310606196656,80.4820146960607,8.94244607734007
17_n2442,4,7,3.89374508969868,3.89374508970096,3.89374508969868,0.556249298528384
17_n2443,1,183,0,0,0,0
17_n2443,2,7,23.6446040262757,27.8556851397539,62.6709776059985,8.95299680085693
17_n2443,3,19,0,0,0,0
17_n2443,4,11,0,0,0,0
17_n2443,5,10,10.9945175327639,26.8151964652672,89.2539350397278,8.92539350397278
17_n2443,6,11,0,0,0,0
17_n2443,7,106,0,0,0,0
17_n2443,8,7,6.86348454138184,6.86348454138147,6.86348454138184,0.980497791625977
17_n2452,1,62,4.47227513999995,7.64222718603016,13.4555477394546,0.21702496353959
17_n2452,2,7,0,0,0,0
17_n2452,3,8,0,0,0,0
17_n2452,4,16,0,0,0,0
17_n2452,5,12,34.2822572909511,34.8837462999998,62.8188968202071,5.23490806835059
17_n2452,6,105,26.5488959698611,26.548895969861,27.3453089894591,0.260431514185325
17_n2452,7,14,0,0,0,0
17_n2452,8,18,7.21132695270998,7.21132695270995,7.21132695270998,0.400629275150554
17_n2452,9,273,0,0,0,0
17_n2452,10,7,0,0,0,0
17_n2452,11,49,1.78891009999995,11.4546133387861,45.8992708491162,0.93671981324727
17_n2452,12,7,7.69439306760318,7.69439306760234,8.60087655662651,1.22869665094664
17_n2452,13,46,10.8077413332187,10.8077413332148,18.3305037008593,0.398489210888247
17_n2452,14,38,1.26495053335377,1.2649505333351,1.26495053335377,0.033288171930362
17_n2452,15,10,5.72730669281885,5.72730669282364,5.72730669281885,0.572730669281885
17_n2452,16,12,6.32475217179416,10.8815150139919,34.8003852304193,2.90003210253494
17_n2453,1,9,6.51173091079331,14.0004357269152,53.0446057647282,5.8938450849698
17_n2453,2,8,7.69439312572695,16.1250174295518,40.5483225589848,5.0685403198731
17_n2453,3,9,32.997996645617,45.5382157359115,113.620720133614,12.6245244592904
17_n2453,4,8,47.3385625376869,55.4850579096684,84.5689091897189,10.5711136487149
17_n2453,5,21,13.2970300460676,13.2970300460701,13.2970300460676,0.633191906955601
17_n2453,6,41,22.361375852,22.3613758520005,22.361375852,0.545399411024391
17_n2453,7,19,0,0,0,0
17_n2453,8,27,21.7814033772083,21.7814033772084,21.7814033772083,0.806718643600307
17_n2453,9,46,0,0,0,0
17_n2453,10,14,0,0,0,0
17_n2453,11,14,48.8605015956465,54.23820730461,92.422328776925,6.6015949126375
17_n2453,12,8,0,0,0,0
17_n2453,13,17,0,0,0,0
17_n2453,14,10,33.7530875398925,52.4992530431951,133.954043530613,13.3954043530613
17_n2453,15,31,9.33838467451026,9.33838467450992,10.0996970059682,0.325796677611878
17_n2453,16,42,0,0,0,0
17_n2453,17,16,14.1425758222694,14.1425758222696,14.1425758222694,0.883910988891838
17_n2453,18,129,0,0,0,0
17_n2453,19,15,23.8167023017428,23.8167023017429,23.8167023017428,1.58778015344952
17_n2453,20,23,1.2649504626431,1.26495046264339,1.2649504626431,0.054997846201874
17_n2453,21,13,32.8591247053081,32.8591247053083,33.3813943236586,2.56779956335835
17_n2453,22,9,0,0,0,0
17_n2453,23,7,0,0,0,0
17_n2453,24,11,32.304760382311,32.3047603823109,46.6215290152482,4.23832081956802
17_n2453,25,10,6.33548473751396,6.33548473751304,6.33548473751396,0.633548473751396
17_n2454,1,11,10.8260811292762,10.8260811292766,10.8260811292762,0.984189193570562
17_n2454,2,9,18.8367504426794,18.8367504426778,34.7888840550734,3.86543156167482
17_n2454,3,16,0,0,0,0
17_n2454,4,7,55.7882514795172,55.7882514795179,60.5494469374427,8.64992099106325
17_n2454,5,9,39.585374328801,39.5853743288018,93.1522457889857,10.3502495321095
17_n2454,6,9,59.5670351150533,59.567035115053,72.4617974442145,8.05131082713494
17_n2454,7,10,26.2292130289641,26.2292130289639,50.1164687293518,5.01164687293518
17_n2454,8,17,10.4870933292981,15.414899760366,32.1793243513385,1.89290143243168
17_n2454,9,16,0,0,0,0
17_n2454,10,28,10.2156622433663,10.215662243363,10.2156622433663,0.364845080120223
17_n2454,11,12,22.39932123269,22.3993212326892,22.39932123269,1.86661010272417
17_n2454,12,13,0,0,0,0
17_n2454,13,9,2.53419391001748,2.53419391001264,2.53419391001748,0.281577101113053
17_n2455,1,7,5.72730669608303,5.72730669608602,5.72730669608303,0.818186670869004
17_n2455,2,10,4.81678776105935,23.4101284958255,93.9690734767685,9.39690734767685
17_n2455,3,17,9.50818741540143,10.8815151100125,29.7364794467436,1.74920467333786
17_n2702,1,9,2.10810253853773,2.10810253853426,2.10810253853773,0.234233615393081
17_n2702,2,11,53.005260214159,53.0052602141588,81.8982834778064,7.4452984979824
17_n2702,3,7,10.4132582043183,10.4132582043176,10.4132582043183,1.48760831490262
17_n2702,4,25,1.33328103060902,6.66640544818223,12.6861607086914,0.507446428347655
17_n2702,5,9,0,0,0,0
17_n2702,6,13,0,0,0,0
17_n2702,7,9,0,0,0,0
17_n2702,8,14,0,0,0,0
17_n2702,9,7,0.942772102028985,0.942772102030254,0.942772102028985,0.134681728861284
17_n2702,10,9,19.8877992818726,19.8877992818723,19.8877992818726,2.20975547576362
17_n2702,11,8,19.4357447793195,19.4357447793196,29.9112952204758,3.73891190255948
17_n2702,12,9,25.3323408113219,25.3323408113225,25.4352732027269,2.82614146696966
17_n2702,13,7,43.5311682833347,43.5311682833346,43.7994997660794,6.2570713951542
17_n2702,14,8,0,0,0,0
17_n2702,15,7,0,0,0,0
17_n2702,16,10,12.6486150601183,15.5485958318921,26.3110944894303,2.63110944894303
17_n2702,17,21,0,0,0,0
17_n2702,18,11,0,0,0,0
17_n2702,19,9,0,0,0,0
17_n2702,20,38,2.1081025385377,7.3632855313415,20.4757154774884,0.538834617828641
17_n2702,21,8,13.4984422327676,23.3228937379955,38.8223561231131,4.85279451538914
17_n2702,22,7,0,0,0,0
17_n2702,23,42,10.1539663106582,10.153966310658,10.4408601284766,0.248591907820871
17_n2702,24,11,28.2988715770942,28.2988715770941,33.9063824281538,3.08239840255943
17_n2702,25,8,4.71386053333336,13.1988094492755,32.5927209931344,4.0740901241418
17_n2702,26,11,0,5.39479660939444E-06,0,0
17_n2702,27,116,1.88554417391305,21.1861680173694,41.7799115695827,0.36017165146192
17_n2702,28,8,15.2309494229274,19.0896801595167,49.3367460076471,6.16709325095588
17_n2702,29,9,14.1415815652174,14.141581565216,28.0572370209936,3.11747078011041
17_n2702,30,7,12.2560373244147,17.7130796451456,23.2103384214687,3.31576263163839
17_n2702,31,7,10.0218048970405,10.0218048970418,10.0218048970405,1.43168641386293
17_n2702,32,12,9.84282973077877,11.3132652753624,14.7124784322342,1.22603986935285
17_n2703,1,7,8.70667880550054,8.70667880549915,8.70667880550054,1.24381125792865
17_n2703,2,9,0,0,0,0
17_n2703,3,7,17.6423232036691,28.7219503342965,57.1876865053875,8.16966950076964
17_n2703,4,9,19.4687256673564,22.7042405640594,44.409823937682,4.93442488196467
17_n2703,5,9,74.4078772034837,74.4078772034836,113.398975228871,12.5998861365412
17_n2703,6,16,46.312753325786,59.0062432120229,138.523277586704,8.65770484916902
17_n2703,7,14,38.5229663643216,38.5229663643224,41.2878318868778,2.9491308490627
17_n2738,1,9,0,0,0,0
17_n2738,2,8,0,0,0,0
17_n2738,3,9,0,0,0,0
17_n2738,4,8,0,0,0,0
17_n2738,5,11,0,0,0,0
17_n2738,6,17,21.5191733711492,21.5191733711488,21.5191733711492,1.26583372771466
17_n2738,7,9,12.2560373320916,13.1988094345596,21.7158090337462,2.41286767041625
17_n2738,8,9,0,0,0,0
17_n2738,9,10,23.569302561715,28.3459448673438,45.224671545387,4.5224671545387
17_n2738,10,11,78.6127226102958,78.6127226102958,123.379846059875,11.2163496418068
17_n2738,11,11,34.6653084319902,39.6412967920738,99.5801437900736,9.05274034455215
17_n2738,12,19,12.6837014286821,12.6837014286818,19.0544636451472,1.00286650763933
17_n2738,13,7,43.3777630259756,43.3777630259753,64.8244314864043,9.26063306948633
17_n2738,14,8,24.746645316609,25.0500774740968,49.8960935376218,6.23701169220272
17_n2738,15,7,0,0,0,0
17_n2738,16,82,15.8037402424633,21.0810250841008,31.2786645536879,0.381447128703511
17_n2739,1,32,0,0,0,0
17_n2739,2,7,14.6660920289193,14.6660920289184,14.6660920289193,2.09515600413132
17_n2739,3,7,14.7567175588708,26.2625918001605,47.8184577201259,6.83120824573227
17_n2739,4,46,0,0,0,0
17_n2739,5,11,5.96261431653274,5.96261431653295,5.96261431653274,0.542055846957522
17_n2739,6,27,0,0,0,0
17_n2739,7,13,0,0,0,0
17_n2740,1,9,6.51173092556067,6.51173092556474,6.51173092556067,0.72352565839563
17_n2740,2,13,4.47227516108495,9.12168732661048,29.0745887944689,2.23650683034377
17_n2740,3,22,12.0336617304622,12.0336617304623,12.0336617304622,0.546984624111917
17_n2740,4,8,27.3065270208731,32.5586546278013,86.0911151501753,10.7613893937719
17_n2740,5,14,18.9531623295864,21.2609534036477,33.1944719639542,2.37103371171102
17_n2740,6,7,0,0,0,0
17_n2741,1,9,40.7934258636071,40.7934258636069,83.0701093484108,9.23001214982342
17_n2741,2,8,12.9000139290221,25.6132942008625,77.0783152704036,9.63478940880045
17_n2741,3,43,39.6093128813828,45.931811796231,184.870365684995,4.29931082988361
17_n2741,4,13,0,0,0,0
17_n2741,5,9,0,0,0,0
17_n2741,6,38,0,0,0,0
17_n2741,7,36,0,0,0,0
17_n2741,8,121,1.78891006443399,14.9937985550369,40.5729295673836,0.335313467499038
17_n2781,1,11,14.9065357913325,28.2988715801702,76.1003706016017,6.91821550923652
17_n2781,2,27,0,7.62939453125E-06,0,0
17_n2781,3,7,0,0,0,0
17_n2781,4,21,16.8648200672826,16.8648200672818,16.8648200672826,0.803086669870601
17_n2781,5,9,15.6056550964995,17.3838586236098,36.3220649033527,4.03578498926141
17_n2781,6,14,18.7134919096906,18.71349190969,23.6363033121251,1.68830737943751
17_n2781,7,44,0,0,0,0
17_n2781,8,9,19.8206483960373,21.1861680060943,44.4472691217215,4.93858545796905
17_n2782,1,17,14.1729724626945,14.9065358210443,20.5631684587265,1.20959814463097
17_n2782,2,10,19.8877992818725,19.887799281873,19.8877992818725,1.98877992818725
17_n2782,3,12,14.1415815344928,14.1415815344924,19.6718210372442,1.63931841977035
17_n2782,4,7,48.1552633804866,48.1552633804867,49.3598692197014,7.05140988852877
17_n2782,5,8,8.05504844209461,8.05504844209727,8.05504844209461,1.00688105526183
17_n2782,6,22,18.011635696517,18.0116356965166,18.2186516250874,0.828120528413063
17_n2782,7,7,16.2747698138363,16.2747698138363,31.98214980976,4.56887854425143
17_n2782,8,19,34.0704846513706,34.0704846513706,83.6521179213603,4.40274304849265
17_n2782,9,35,0,0,0,0
17_n2782,10,15,2.98130714587702,2.98130714587714,3.05087460262887,0.203391640175258
17_n2782,11,15,0,0,0,0
17_n2782,12,28,14.3907915756365,16.0548303722981,24.4898328342758,0.874636886938421
17_n2782,13,15,5.65663263768116,5.65663263768087,5.65663263768116,0.377108842512077
17_n2782,14,9,18.2079536012758,18.2079536012756,21.6648470072292,2.40720522302547
17_n2782,15,71,0,0,0,0
17_n2782,16,24,0,0,0,0
17_n2782,17,12,9.61442666158335,9.61442666158345,9.61442666158335,0.801202221798612
17_n2782,18,7,19.6178166302199,19.6178166302201,19.6178166302199,2.80254523288856
17_n2782,19,20,13.0974086068975,13.0974086068975,13.0974086068975,0.654870430344875
17_n2782,20,44,14.6660919925662,14.6660919925659,16.1487128571187,0.367016201298151
17_n2782,21,56,0,0,0,0
17_n2782,22,16,0,0,0,0
17_n2782,23,8,0,0,0,0
17_n2783,1,39,0,0,0,0
17_n2783,2,8,19.6502186642129,33.2477162719932,66.2628767909346,8.28285959886683
17_n2783,3,37,0,0,0,0
17_n2783,4,15,12.8283789438537,12.8283789438537,12.8283789438537,0.85522526292358
17_n2783,5,107,0,0,0,0
17_n2783,6,7,0,0,0,0
17_n2783,7,13,21.5220064085419,24.1248072868417,106.608565809967,8.20065890845898
17_n2783,8,7,7.22356405837937,21.5406482185209,41.563363116991,5.93762330242729
17_n2783,9,102,0,0,0,0
17_n2783,10,10,26.5335063936626,41.3023075667006,82.0431359029578,8.20431359029578
17_n2783,11,27,0,0,0,0
17_n2783,12,8,11.226507632658,11.2265076326575,11.226507632658,1.40331345408225
17_n2783,13,55,7.65519536854665,7.65519536854598,7.65519536854665,0.139185370337212
17_n2783,14,8,20.7819352178334,27.9049158271409,72.6084884421685,9.07606105527106
17_n2783,15,8,10.4487491748749,25.9832126137936,58.7011039942145,7.33763799927681
17_n2783,16,12,4.00691239718849,10.2156622424912,24.074071285232,2.00617260710267
17_n2783,17,14,12.7341668779407,12.7341668779416,17.0731077852803,1.2195076989486
17_n2784,1,8,7.21132701399712,7.37586515039151,8.27032018260984,1.03379002282623
17_n2784,2,9,10.469327735734,17.6187208448136,33.1534301187137,3.68371445763486
17_n2784,3,16,0,0,0,0
17_n2784,4,11,0,0,0,0
17_n2784,5,9,14.6701532866268,24.1668441754543,47.8227312797113,5.31363680885681
17_n2784,6,8,23.6312243367035,23.6312243367028,23.6312243367035,2.95390304208794
17_n2784,7,10,5.72730669608251,5.72730669608221,5.72730669608251,0.572730669608251
17_n2784,8,8,8.94455032217079,10.4693277357347,25.8920944670391,3.23651180837989
17_n2784,9,7,10.0003112742711,10.0003112742718,10.561030427869,1.50871863255272
17_n2784,10,11,18.4396628759809,20.4163157358785,36.0628885307581,3.2784444118871
17_n2784,11,162,0,0,0,0
17_n2784,12,52,0,0,0,0
17_n2784,13,81,0,0,0,0
17_n2784,14,33,0,7.62939453125E-06,0,0
17_n2784,15,10,5.21552426495969,7.21132701399433,13.723057939556,1.3723057939556
17_n2784,16,7,4.00012450970791,14.8058652728029,45.4481905310068,6.49259864728669
17_n2784,17,14,0,0,0,0
17_n2785,1,16,0,0,0,0
17_n2785,2,9,0,0,0,0
17_n2785,3,7,0.942772102468439,3.88714895936448,6.86845611762986,0.981208016804266
17_n2785,4,17,16.0548303879548,16.0548303879566,16.0548303879548,0.94440178752675
17_n2785,5,28,11.0348645435933,13.3328109353822,17.3817580509961,0.620777073249862
17_n2785,6,23,0,0,0,0
17_n2785,7,40,3.88714895936356,3.88714895936448,3.88714895936356,0.097178723984089
17_n2785,8,8,8.6919293118048,8.69192931180488,8.6919293118048,1.0864911639756
17_n2785,9,11,11.3524794381224,19.820648396037,28.3055973182547,2.57323611984133
17_n2785,10,13,0,1.07895932187889E-05,0,0
17_n2785,11,88,5.7346588195064,10.1976394695816,34.8833208136256,0.396401372882109
17_n2785,12,25,8.53716448534479,28.345944867343,69.518280608655,2.7807312243462
17_n2785,13,19,1.33328109353825,8.43241003364088,17.0703498067184,0.898439463511496
17_n2785,14,14,12.5781486801659,12.578148680165,23.4082776693258,1.67201983352327
17_n2785,15,8,0,0,0,0
17_n2785,16,44,19.8877992887827,25.384915736811,34.5018206408978,0.784132287293131
17_n2785,17,20,5.73465881950644,5.73465881950961,5.73465881950644,0.286732940975322
17_n2785,18,8,2.66656218707601,2.66656218708059,2.66656218707601,0.333320273384501
17_n2785,19,7,3.88714895936399,9.47474236887007,15.4373566854052,2.20533666934359
17_n2786,1,18,15.8305578980971,16.3023867740101,53.2250381685213,2.95694656491785
17_n2786,2,11,4.81537079554015,4.8153707955403,4.81537079554015,0.437760981412741
17_n2786,3,9,5.97273238573455,9.85953219545034,17.9960262967924,1.99955847742137
17_n2786,4,24,12.0938613280278,20.3861877153664,53.7109086924599,2.2379545288525
17_n2786,5,27,3.89374513347141,7.1921221916635,22.4102931830806,0.830010858632614
17_n2786,6,8,30.5865719013387,30.5865719013394,64.097632930331,8.01220411629138
17_n2786,7,9,30.2788668264876,37.7866791921161,78.6985925933003,8.74428806592226
17_n2786,8,10,52.453037730834,56.1325638759734,75.9041607369548,7.59041607369548
17_n2786,9,18,14.9318309643369,14.9318309643385,17.3620663136923,0.964559239649571
17_n2786,10,25,0,0,0,0
17_n2786,11,44,2.11167978608271,2.11167978608659,2.11167978608271,0.047992722410971
17_n2786,12,60,3.893745133471,7.5549752774302,13.9947825705208,0.233246376175347
17_n2786,13,10,5.74439006685953,7.61376974608264,12.4859537163809,1.24859537163809
18_n1833,1,7,5.44075755500729,5.72730669608348,11.3843370288945,1.62633386127065
18_n1833,2,7,12.0336617304621,12.0336617304623,15.639114020909,2.23415914584415
18_n1833,3,25,7.21132701399697,7.21132701399533,12.5668709360085,0.50267483744034
18_n1833,4,16,21.6154825511838,31.0106411607283,66.4561948576132,4.15351217860082
18_n1833,5,8,26.4129405720411,26.4129405720405,29.6341980706612,3.70427475883266
18_n1833,6,8,8.00024901941695,8.00024901941666,8.00024901941695,1.00003112742712
18_n1833,7,32,0,0,0,0
18_n1833,8,34,1.26495043749421,1.2649504374929,1.26495043749421,0.037204424632183
18_n1833,9,47,6.51173092556056,6.51173092556083,6.51173092556056,0.138547466501288
18_n1833,10,7,0,0,0,0
18_n1833,11,9,0,0,0,0
18_n1834,1,7,17.9783236449341,32.6445453300406,73.4845728514711,10.4977961216387
18_n1834,2,7,22.3792577561499,29.1213460014828,44.6993826832899,6.38562609761285
18_n1834,3,7,14.5606730007406,25.1085492625703,81.7277599406725,11.6753942772389
18_n1834,4,8,12.6495043749424,12.6495043749439,13.6572793522269,1.70715991902836
18_n1834,5,7,0,0,0,0
18_n1834,6,9,12.0336617304622,12.0336617304647,15.3465235803877,1.70516928670974
18_n1834,7,8,12.9000139290222,24.5608947864779,42.3588686530391,5.29485858162989
18_n1834,8,7,8.48554549921604,12.0336617304599,27.5226761664617,3.93181088092311
18_n1834,9,11,0,0,0,0
18_n1834,10,18,0,0,0,0
18_n1834,11,17,0,0,0,0
18_n1834,12,12,8.98916182246766,8.98916182246597,8.98916182246766,0.749096818538972
18_n1834,13,7,0,1.07895932187889E-05,0,0
18_n1834,14,7,0,0,0,0
18_n1834,15,13,0,0,0,0
18_n1834,16,7,3.2250034822552,8.94455032217176,23.4302825859469,3.34718322656385
18_n1834,17,8,4.47227516108562,4.56084366331481,6.56090591816054,0.820113239770067
18_n1834,18,27,10.1983564659023,10.198356465904,10.2242939988634,0.378677555513458
18_n1835,1,14,9.52432203239116,9.52432203239217,9.71090607722876,0.693636148373483
18_n1835,2,22,28.5167200463761,28.5167200463762,32.1001776682874,1.45909898492215
18_n1835,3,17,17.023484136844,18.8367504426794,20.8635732348717,1.22726901381598
18_n1835,4,32,11.6820567084051,11.6820567084049,17.8442255202545,0.557632047507954
18_n1835,5,11,0,0,0,0
18_n1835,6,8,6.27180994515305,10.2156622433673,14.6955264899046,1.83694081123808
18_n1835,7,40,0,0,0,0
18_n1835,8,30,24.9589154619428,28.5870103182701,62.0211399887985,2.06737133295995
18_n1835,9,38,13.7057491268064,14.6950473378378,31.5802551096805,0.831059344991593
18_n1836,1,8,0,0,0,0
18_n1836,2,7,9.83900535438801,9.83900535438784,9.83900535438801,1.405572193484
18_n1836,3,7,34.8837462564662,46.8202569916498,87.5187357701704,12.5026765385958
18_n1836,4,13,6.45000696451037,6.45000696450966,6.45000696451037,0.496154381885413
18_n1836,5,7,18.612403536812,18.6124035368123,22.8383883746957,3.26262691067082
18_n1836,6,7,24.8039976572801,24.8039976572801,33.9065115354792,4.84378736221132
18_n1836,7,7,31.9634729112603,36.5415260214326,70.7746622493316,10.1106660356188
18_n1836,8,27,35.3847134267113,44.5614588536137,108.615729590242,4.0228047996386
18_n1836,9,10,2.82851516640496,8.24646793457489,13.9737746306578,1.39737746306578
18_n1836,10,8,19.6983287427984,19.6983287428001,19.6983287427984,2.46229109284981
18_n1836,11,7,14.7517303007847,14.751730300785,14.7517303007847,2.10739004296924
18_n1836,12,31,24.0673234609228,24.0673234609222,61.4588572656421,1.98254378276265
18_n1836,13,8,10.807741275592,10.8077412755955,18.9894730967388,2.37368413709235
18_n1836,14,9,0,0,0,0
18_n1836,15,27,12.5542746312844,24.7394038037211,65.6969129224532,2.4332189971279
18_n1836,16,10,2.00006225485401,2.00006225486019,2.00006225485401,0.200006225485401
18_n1836,17,7,23.6312243367036,23.6312243367028,24.7959699224506,3.54228141749294
18_n1836,18,17,11.3140606656209,11.3140606656166,17.3249829511077,1.01911664418281
18_n1856,1,7,22.4328180826695,28.0864577224186,91.6006900264672,13.0858128609239
18_n1856,2,13,6.32475218747072,6.32475218747427,9.21564877466898,0.708896059589922
18_n1856,3,9,21.2609534036468,33.3956498318855,94.3993902823744,10.488821142486
18_n1856,4,18,0,0,0,0
18_n1856,5,22,0,0,0,0
18_n1856,6,16,0,0,0,0
18_n1856,7,54,6.261185225519,6.26118522552358,6.261185225519,0.115947874546648
18_n1856,8,12,7.21132701399743,10.1983564659025,23.3926667554894,1.94938889629078
18_n1856,9,44,6.3247521874707,6.32475218747427,6.3247521874707,0.143744367897061
18_n1856,10,8,2.82851516640595,12.0336617304623,23.2411511608107,2.90514389510134
18_n1856,11,7,3.68793257519616,3.68793257519082,3.68793257519616,0.526847510742309
18_n1856,12,10,4.81678776106024,4.81678776106404,4.81678776106024,0.481678776106024
18_n1857,1,15,0,0,0,0
18_n1857,2,12,0,0,0,0
18_n1857,3,87,6.45000696451057,6.45000696451191,6.45000696451057,0.074138011086328
18_n1857,4,9,50.858244350948,50.8582443509484,106.996300551004,11.8884778390004
18_n1857,5,116,9.12168732661228,9.12168732661367,9.12168732661228,0.078635235574244
18_n1857,6,109,0,0,0,0
18_n2015,1,9,22.6842207771752,22.8429152054622,69.9628621479921,7.7736513497769
18_n2015,2,7,39.6765267003935,39.6765267003938,70.439175482769,10.0627393546813
18_n2015,3,9,29.1707624810224,35.2631056274995,98.5912691934715,10.9545854659413
18_n2015,4,9,57.7051033895647,57.705103389566,76.0419440561817,8.4491048951313
18_n2016,1,7,75.1821246440118,75.1821246440115,97.6533138729133,13.9504734104162
18_n2016,2,12,65.7409236966738,68.4126549161228,133.970114828447,11.1641762357039
18_n2016,3,7,47.9431234764382,47.9431234764381,62.9968390719211,8.99954843884587
18_n2016,4,47,19.6373116726745,19.6373116726793,19.6373116726745,0.417815141971797
18_n2016,5,10,0,0,0,0
18_n2016,6,7,9.33838477029298,9.33838477029803,9.33838477029298,1.33405496718471
18_n2016,7,8,35.7893802406572,36.3219235397064,43.8504100804429,5.48130126005536
18_n2045,1,7,10.2156622433652,12.8283789339395,16.1108750116837,2.30155357309767
18_n2045,2,7,0,0,0,0
18_n2045,3,9,4.56858304226881,4.56858304227391,4.56858304226881,0.507620338029867
18_n2045,4,8,6.01036859113751,6.01036859113609,6.01036859113751,0.751296073892189
18_n2045,5,10,16.4722604151149,17.3966459326077,35.3261462905548,3.53261462905548
18_n2045,6,29,7.65519538018722,8.95972849307744,13.7846899493154,0.47533413618329
18_n2045,7,9,11.682056708404,12.7341667977402,24.0674264996705,2.67415849996339
18_n2045,8,12,13.4694253906164,13.7057491268069,26.6211793509587,2.21843161257989
18_n2045,9,10,0,0,0,0
18_n2045,10,7,25.859334867666,25.8593348676663,30.671531904981,4.38164741499729
18_n2045,11,64,0,0,0,0
18_n2045,12,117,4.00691239409242,4.00691239409476,6.38210924330461,0.054547942250467
18_n2045,13,8,17.6713468039334,20.2735512801385,25.7235413560735,3.21544266950919
18_n2046,1,22,21.5041574374017,28.9007265663596,63.8913055154975,2.90415025070443
18_n2046,2,7,9.20897818945167,9.20897818945164,9.20897818945167,1.31556831277881
18_n2046,3,7,8.94455032217141,8.94455032217257,8.94455032217141,1.27779290316735
18_n2046,4,7,10.4693277357343,13.6239331575273,23.6607514744887,3.38010735349839
18_n2046,5,7,0,0,0,0
18_n2046,6,9,3.57782012886798,5.44075755500791,7.44081980986212,0.826757756651347
18_n2046,7,9,38.617260854226,38.6172608542261,43.6066705762084,4.84518561957871
18_n2046,8,7,8.98916182246731,15.2844542905617,23.5309222251369,3.36156031787671
18_n2046,9,7,14.4503632831791,30.4246220024142,48.6229593477647,6.94613704968067
18_n2046,10,9,58.2014679619332,58.2014679619332,59.4458537351378,6.60509485945975
18_n2046,11,7,0,0,0,0
18_n2046,12,12,6.26118522551997,7.21132701399836,8.47627745149137,0.706356454290947
18_n2046,13,13,3.68793257519689,3.68793257519477,3.68793257519689,0.283687121168992
18_n2046,14,16,0,0,0,0
18_n2047,1,16,9.00441569544258,19.7317551968332,89.7342199851458,5.60838874907161
18_n2047,2,7,20.1344855926763,20.4509605551649,24.1614950750234,3.45164215357477
18_n2047,3,8,0,0,0,0
18_n2047,4,7,17.6713468039333,17.671346803936,17.6713468039333,2.52447811484762
18_n2047,5,16,0.8959728493071,5.2243745834021,9.70423882993869,0.606514926871168
18_n2047,6,8,4.56858304226869,14.8309896161636,28.746326031108,3.5932907538885
18_n2047,7,16,5.66662985096523,13.4395927396164,41.0572232071288,2.56607645044555
18_n2047,8,9,8.4525909552022,16.5209230334351,25.3597668498668,2.81775187220742
18_n2047,9,9,5.2243745834002,8.49994477645278,15.262266078561,1.69580734206234
18_n2047,10,7,5.2243745834002,5.22437458340767,5.2243745834002,0.746339226200028
18_n2047,11,17,13.7057491268062,13.7057491268047,36.7020636320691,2.15894491953348
18_n2047,12,7,4.47986424653784,4.47986424653304,4.47986424653784,0.639980606648263
18_n2048,1,7,8.43827189740962,16.4443556874247,25.6004646582122,3.65720923688745
18_n2048,2,7,8.05009528995396,8.8546530624622,15.366383988021,2.19519771257443
18_n2048,3,10,0.894455032218048,0.894455032226286,0.894455032218048,0.089445503221805
18_n2048,4,9,27.8576436641495,27.8576436641485,29.0006361313491,3.22229290348323
18_n2048,5,14,12.7125945636992,14.670153286627,18.1888213369823,1.29920152407016
18_n2048,6,7,21.2044332680237,21.2044332680233,21.2044332680237,3.02920475257481
18_n2048,7,12,0,0,0,0
18_n2048,8,21,4.56084366330577,4.56084366330683,4.56084366330577,0.217183031585989
18_n2048,9,10,0,0,0,0
18_n2048,10,7,5.44075755500674,5.44075755500658,5.44075755500674,0.777251079286678
18_n2048,11,9,0,0,0,0
18_n2048,12,23,0,5.39479660939444E-06,0,0
18_n2048,13,15,9.87957874447764,9.8795787444783,9.98415542414199,0.665610361609466
18_n2048,14,14,0,0,0,0
18_n2048,15,8,10.1983564659019,10.1983564659025,10.1983564659019,1.27479455823774
18_n2048,16,49,10.7706648669182,10.7706648669181,22.7842938788928,0.46498558936516
18_n2048,17,7,4.56084366330614,6.45000696451191,13.2786466406241,1.89694952008916
18_n2048,18,10,0,0,0,0
18_n2048,19,138,10.7706648669187,11.4546133921657,26.5255447396548,0.192214092316339
18_n2049,1,18,0,0,0,0
18_n2049,2,20,0,0,0,0
18_n2050,1,11,20.2786981730698,34.0363352484589,72.4176614622094,6.58342376929177
18_n2050,2,7,9.50818741540173,15.8245249172949,25.1195262650796,3.58850375215423
18_n2050,3,24,10.9182150965311,16.1250174112773,55.9214486579521,2.330060360748
18_n2050,4,23,13.535560766617,21.2609534036463,54.9623563372046,2.38966766683498
18_n2050,5,8,3.2250034822552,4.56084366330524,9.03311882439233,1.12913985304904
18_n2050,6,7,7.37586515039284,7.37586515039348,7.37586515039284,1.05369502148469
18_n2050,7,22,3.79485131248318,6.81196657876309,13.2113956509876,0.600517984135802
18_n2050,8,23,0,0,0,0
18_n2050,9,13,0,0,0,0
18_n2050,10,37,14.886698622945,20.100376895782,33.418257253541,0.903196141987595
18_n2050,11,13,83.6638257609391,83.663825760939,151.566334092916,11.6589487763782
18_n2050,12,7,12.6495043749424,12.6495043749434,15.4577949485709,2.20825642122442
18_n2050,13,70,18.243374653225,18.2433746532249,27.2481052495942,0.389258646422775
18_n2050,14,7,3.22500348225604,4.47227516109239,7.00217603607431,1.00031086229633
18_n2050,15,100,2.52990087498832,2.52990087499155,2.52990087498832,0.025299008749883
18_n2050,16,9,13.0234618511213,13.0234618511205,18.3041385121154,2.03379316801282
18_n2089,1,8,0,0,0,0
18_n2089,2,8,48.9105989858554,49.9339101096536,98.6470985791974,12.3308873223997
18_n2089,3,20,41.6795937870194,41.6795937870198,72.1587319740719,3.60793659870359
18_n2089,4,8,78.9371911399006,78.9371911399006,104.113316631346,13.0141645789182
18_n2089,5,7,23.312517961675,27.818478071514,51.7412431346816,7.39160616209737
18_n2089,6,7,27.6593073196284,27.6593073196286,36.4831002246254,5.21187146066078
18_n2089,7,8,4.00691239409234,4.0069123940875,4.00691239409234,0.500864049261543
18_n2089,8,11,44.4839466505227,44.4839466505228,65.8859697944167,5.98963361767424
18_n2089,9,16,5.22437458340023,5.2243745834021,5.22437458340023,0.326523411462514
18_n2089,10,16,0,0,0,0
18_n2089,11,8,6.9977716559262,12.0207371822746,18.8154298354595,2.35192872943244
18_n2089,12,15,21.2970315040255,21.2970315040251,27.855373858556,1.85702492390373
18_n2089,13,7,0,0,0,0
18_n2089,14,14,22.8429152113438,22.8429152113441,26.5322350633771,1.89515964738408
18_n2089,15,26,0,0,0,0
18_n2090,1,26,83.3140570685208,83.3140570685208,183.266169803223,7.04869883858552
18_n2090,2,13,17.0885393963426,17.0885393963435,48.555760478251,3.735058498327
18_n2090,3,9,22.804218316531,22.8042183165307,41.3329559728583,4.59255066365093
18_n2090,4,30,2.00006225485484,2.00006225486019,2.00006225485484,0.066668741828495
18_n2090,5,36,0,0,0,0
18_n2090,6,49,28.6784099836246,38.7207093675976,56.4845821961612,1.15274657543186
18_n2090,7,63,9.63357552211908,9.63357552211902,10.5229082902793,0.167030290321894
18_n2090,8,12,0,0,0,0
18_n2090,9,23,0,1.07895932187889E-05,0,0
18_n2090,10,27,1.78891006443502,1.7889100644363,1.78891006443502,0.066255928312408
18_n2090,11,7,0,0,0,0
18_n2090,12,23,0,0,0,0
18_n2090,13,7,0,0,0,0
18_n2093,1,37,19.5683424023129,19.5683424023135,27.5571416850013,0.744787613108143
18_n2093,2,10,12.186548286484,21.6706921397853,32.6039849353138,3.26039849353138
18_n2093,3,8,10.4487491668004,10.4487491668007,10.4487491668004,1.30609364585005
18_n2093,4,11,2.5341939100176,3.80129086502662,5.0683878200359,0.460762529094173
18_n2093,5,26,2.00345619704579,4.47986424653953,7.0718440170826,0.271994000657023
18_n2093,6,12,7.22356404659512,7.22356404659538,7.22356404659512,0.601963670549593
18_n2093,7,7,7.70744988018278,15.8766793399205,33.1175243717458,4.7310749102494
18_n2093,8,10,0,3.814697265625E-06,0,0
18_n2093,9,9,32.3668254149029,32.3668254149029,40.0000036805721,4.44444485339691
18_n2094,1,35,10.4693277357341,14.339204991811,41.3062238355335,1.18017782387239
18_n2094,2,11,3.2250034822552,3.22500348225709,3.2250034822552,0.293182134750473
18_n2094,3,34,22.8042183165307,30.3588104998631,87.0248545192621,2.55955454468418
18_n2094,4,8,0,0,0,0
18_n2094,5,37,0,0,0,0
18_n2094,6,9,9.6750104467664,9.67501044676825,10.9222821255964,1.21358690284404
18_n2094,7,15,6.26118522552002,8.05009528995343,21.4781662429391,1.43187774952927
18_n2094,8,14,7.15564025773699,7.15564025773708,18.6890445861549,1.33493175615392
18_n2094,9,20,0,0,0,0
18_n2157,1,7,0,0,0,0
18_n2157,2,9,0,0,0,0
18_n2157,3,15,2.53419391197614,2.53419391197648,2.53419391197614,0.168946260798409
18_n2157,4,64,14.8309895823176,14.8309895823179,16.7410791660716,0.261579361969869
18_n2157,5,42,3.8012908679642,3.80129086796377,3.8012908679642,0.090506925427719
18_n2157,6,20,0,0,0,0
18_n2157,7,72,0,0,0,0
18_n2158,1,20,29.4219966800425,36.7162623485772,100.197979848694,5.00989899243472
18_n2158,2,8,8.9891618224675,11.6622667947494,24.3297873155422,3.04122341444278
18_n2158,3,7,16.994645612125,16.9946456121248,17.0887966279386,2.44125666113408
18_n2158,4,7,0,0,0,0
18_n2158,5,12,0,0,0,0
18_n2158,6,7,8.24646793457475,8.24646793457489,8.24646793457475,1.17806684779639
18_n2158,7,7,29.5034606015704,29.5034606015707,35.1697052587169,5.02424360838813
18_n2158,8,8,0,0,0,0
18_n2158,9,7,0,0,0,0
18_n2158,10,13,0,0,0,0
18_n2158,11,7,8.4382718974091,8.43827189740964,8.4382718974091,1.20546741391559
18_n2158,12,9,8.00024901941675,8.0002490194153,8.00024901941675,0.888916557712972
18_n2158,13,14,6.32475218747073,6.32475218747197,8.11366225190478,0.579547303707484
18_n2158,14,8,0,0,0,0
18_n2158,15,7,0,0,0,0
18_n2158,16,18,3.79485131248242,8.09963480547329,13.756665138282,0.764259174348998
18_n2159,1,21,2.53419391197615,8.06375559999989,14.5865363577356,0.694596969415982
18_n2159,2,30,6.01036861814333,6.01036861813901,7.70110308329736,0.256703436109912
18_n2159,3,7,12.7341667372213,12.7341667372204,13.2315174091644,1.89021677273778
18_n2159,4,51,6.52278085388806,14.7767627929427,36.2323686323454,0.710438600634223
18_n2159,5,11,6.33548473751402,6.33548473751304,6.33548473751402,0.57595315795582
18_n2159,6,7,8.86967869191651,13.6764320097502,19.1264220898952,2.73234601284217
18_n2159,7,7,0,0,0,0
18_n2159,8,21,0,0,0,0
18_n2159,9,21,19.1537119088913,19.1537119088933,19.5056243199359,0.928839253330282
18_n2159,10,13,2.83331491186101,8.01382479437613,13.2381994075391,1.01832303134916
18_n2159,11,68,0,0,0,0
18_n2159,12,12,23.5693658118433,23.5693658118433,23.5693658118433,1.96411381765361
18_n2160,1,37,32.2500348225541,32.2500348225542,73.1929541740526,1.97818795065007
18_n2160,2,18,7.21132701399674,8.0996348054697,12.9282122267301,0.718234012596119
18_n2160,3,18,0.894455032216996,0.894455032214085,0.894455032216996,0.049691946234278
18_n2160,4,69,3.68793257519595,3.68793257519674,3.68793257519595,0.053448298191246
18_n2160,5,7,4.56084366330573,8.09963480547127,16.0998838248878,2.2999834035554
18_n2160,6,11,9.67501044676612,9.67501044676618,9.67501044676612,0.879546404251466
18_n2160,7,7,0,0,0,0
18_n2160,8,20,7.21132701399747,18.2433746532257,52.8809190144062,2.64404595072031
18_n2160,9,8,2.82851516640505,6.45000696451079,12.7747591519821,1.59684489399777
18_n2160,10,32,18.4396628759808,18.439662875981,22.0251337067833,0.688285428336979
18_n2160,11,65,5.72730669608284,11.0637977255886,18.4396628759818,0.28368712116895
18_n2160,12,11,7.21132701399656,7.21132701399735,7.30079032749044,0.66370821159004
18_n2160,13,19,0,0,0,0
18_n2160,14,100,4.00012450970799,4.00012450970765,4.00012450970799,0.04000124509708
18_n2160,15,19,0,0,0,0
18_n2210,1,15,77.3084917467325,79.9225861547474,88.2485201257843,5.88323467505228
18_n2210,2,14,25.6567578678805,29.7835175575271,36.0211211388654,2.57293722420467
18_n2210,3,8,26.9388507812328,26.9388507812329,31.2053250878607,3.90066563598258
18_n2210,4,9,15.2578678242388,15.2578678242374,15.2578678242388,1.69531864713765
18_n2210,5,9,96.6197778652593,96.6197778652593,102.658555796736,11.4065061996374
18_n2210,6,8,22.1651441722856,22.1651441722844,28.750111791572,3.5937639739465
18_n2210,7,9,24.2078533349893,24.2078533349902,32.9672268855615,3.66302520950684
18_n2210,8,8,0,0,0,0
18_n2210,9,7,2.687918547923,7.22356404659538,11.7921470888643,1.68459244126633
18_n2210,10,7,12.4794577309712,12.4794577309714,12.7580345213299,1.82257636018999
18_n2210,11,7,0,0,0,0
18_n2210,12,10,6.99777165592537,6.99777165592526,6.99777165592537,0.699777165592537
18_n2210,13,10,6.27180994515321,6.27180994515275,6.27180994515321,0.627180994515321
18_n2210,14,9,2.53419391001746,2.53419391001551,2.53419391001746,0.281577101113051
18_n2210,15,8,15.2315384382292,15.2315384382284,27.5645793082386,3.44557241352983
18_n2210,16,17,3.230476049602,7.22356404659135,13.7111512240301,0.806538307295888
18_n2210,17,8,10.2156622433662,10.2156622433659,10.2282477055284,1.27853096319105
18_n2211,1,7,13.41682544,13.4168254399994,13.41682544,1.91668934857143
18_n2211,2,9,67.6778038166609,67.6778038166609,75.6066784452663,8.40074204947403
18_n2211,3,12,0,0,0,0
18_n2211,4,7,27.2478663144811,27.2478663144811,27.94754926137,3.99250703733857
18_n2211,5,13,0,1.34869915234861E-06,0,0
18_n2211,6,12,0,0,0,0
18_n2211,7,56,25.6289072748648,28.4262256104447,55.9175212881942,0.99852716586061
18_n2211,8,8,20.1003768926846,33.3956498449931,59.6179897829763,7.45224872287204
18_n2211,9,53,6.96624259715851,6.96624259716057,6.96624259715851,0.131438539569028
18_n2211,10,10,29.6387361705599,29.6387361705599,30.3418453793588,3.03418453793588
18_n2211,11,7,0,0,0,0
18_n2211,12,8,0,0,0,0
18_n2211,13,7,8.2464679423352,8.24646794233504,8.39460790326083,1.19922970046583
18_n2212,1,7,21.6892061902707,25.1032341971437,48.7934553931235,6.97049362758907
18_n2212,2,10,28.6711311778432,28.6711311778433,40.1843984719269,4.01843984719269
18_n2212,3,17,11.6820567084047,17.739357370125,43.436449919004,2.55508528935318
18_n2212,4,7,19.7317551968326,19.7317551968326,20.2299608580911,2.88999440829872
18_n2212,5,7,10.4870933292973,10.4870933292972,10.4870933292973,1.49815618989961
18_n2212,6,43,3.69419069538047,3.69419069538079,3.69419069538047,0.085911411520476
18_n2212,7,37,0,0,0,0
18_n2212,8,8,16.9998895528963,16.9998895528978,19.1884989070537,2.39856236338171
18_n2212,9,9,6.01036859113828,6.01036859113609,6.09205841124849,0.67689537902761
18_n2212,10,19,11.6820567084051,15.6731237501998,23.0773504932584,1.21459739438202
18_n2212,11,9,6.99777165592585,14.4471280931898,27.7395979718287,3.08217755242542
18_n2212,12,16,0,0,0,0
18_n2212,13,22,12.5755782093384,12.5755782093388,12.914743996008,0.587033818000361
18_n2212,14,44,12.4472526250733,13.0455616015427,16.2760376511454,0.369909946616941
18_n2212,15,14,21.2970315040248,21.2970315040244,22.0776161543536,1.57697258245383
18_n2212,16,11,0,0,0,0
18_n2212,17,11,6.01036859113836,6.01036859113851,6.01036859113836,0.546397144648942
18_n2212,18,10,24.1081637419399,24.1081637419395,37.6636253067792,3.76636253067792
18_n2212,19,85,5.22437458340018,7.70744988018252,11.7579463391489,0.138328780460576
18_n2212,20,9,0,0,0,0
18_n2212,21,12,10.8260811292766,15.2315384382298,28.5603890269986,2.38003241891655
18_n2212,22,13,0,0,0,0
18_n2212,23,7,2.00345619704643,2.00345619704738,2.00345619704643,0.28620802814949
18_n2212,24,7,10.0172809852298,10.0172809852289,10.0172809852298,1.43104014074712
18_n2212,25,16,2.68791854792299,2.6879185479228,2.68791854792299,0.167994909245187
18_n2212,26,14,0,0,0,0
18_n2213,1,12,13.6239331575267,14.5606730007404,30.4709434203313,2.53924528502761
18_n2213,2,12,6.51173092555975,16.4443556874247,35.511377473767,2.95928145614725
18_n2213,3,12,2.00006225485403,2.68336509664903,5.57788238372408,0.464823531977006
18_n2213,4,12,9.12168732661264,9.12168732661048,9.12168732661264,0.760140610551054
18_n2213,5,13,2.82851516640501,2.8285151664035,2.82851516640501,0.217578089723462
18_n2213,6,25,0,0,0,0
18_n2213,7,26,0,0,0,0
18_n2213,8,8,29.7330629795792,38.8341844485141,64.393615694992,8.049201961874
18_n2213,9,9,9.20897818945081,9.20897818945164,10.5822544582616,1.17580605091795
18_n2213,10,7,29.5305653023734,29.5305653023725,29.6458772073883,4.23512531534118
18_n2213,11,7,34.3638401764975,34.3638401764966,38.0154337766178,5.43077625380254
18_n2213,12,14,4.00012450970808,4.00012450970947,4.00012450970808,0.285723179264863
18_n2213,13,26,0,0,0,0
18_n2213,14,18,0,0,0,0
18_n2213,15,7,56.1729154448383,56.1729154448383,57.4810802911905,8.21158289874151
18_n2213,16,10,0,0,0,0
18_n2213,17,51,0,0,0,0
18_n2213,18,17,0,0,0,0
18_n2248,1,12,13.3195939735379,13.3195939735384,15.1545493624519,1.26287911353766
18_n2248,2,7,6.27180994515305,6.27180994515275,8.8436835166212,1.26338335951731
18_n2248,3,7,69.3381110167028,69.3381110167029,80.4816493395924,11.4973784770846
18_n2248,4,9,26.3513520505558,26.3513520505557,26.7339019223874,2.97043354693193
18_n2248,5,54,3.23047604960235,3.23047604960237,3.23047604960235,0.059823630548192
18_n2248,6,11,13.0455616015421,13.045561601542,13.0455616015421,1.18596014559474
18_n2248,7,18,0,0,0,0
18_n2248,8,10,0,0,0,0
18_n2249,1,14,16.4200116982261,16.4200116982255,21.888881844417,1.5634915603155
18_n2249,2,8,0,7.62939453125E-06,0,0
18_n2249,3,8,0,0,0,0
18_n2249,4,8,0,0,0,0
18_n2249,5,7,0,0,0,0
18_n2249,6,28,0,0,0,0
18_n2811,1,10,0,0,0,0
18_n2811,2,17,6.80996266293782,6.80996266293501,6.80996266293782,0.400586038996342
18_n2811,3,7,3.89374514031487,3.89374514031272,3.89374514031487,0.556249305759267
18_n2811,4,8,0,0,0,0
18_n2811,5,7,4.7218595942029,6.80996271117242,10.7037078514874,1.52910112164105
18_n2811,6,7,10.7674963977944,10.7674963977955,11.6253334415283,1.66076192021832
18_n2811,7,9,0,0,0,0
18_n2811,8,8,0,0,0,0
18_n2811,9,30,0,0,0,0
18_n2811,10,46,0,0,0,0
18_n2811,11,57,0,0,0,0
18_n2811,12,46,0,0,0,0
18_n2811,13,22,11.332462915942,11.4887801250961,14.588111867252,0.663095993965999
18_n2811,14,70,0,0,0,0
18_n2811,15,11,6.04693066292561,22.2879773442447,47.588877758451,4.32626161440464
18_n2811,16,15,8.55165136064099,9.30098465708814,14.5506943188955,0.970046287926365
18_n2811,17,9,5.08559836405568,5.08559836405516,5.08559836405568,0.565066484895076
18_n2811,18,23,4.81537078995959,4.81537078995872,4.81537078995959,0.209363947389547
18_n2811,19,63,32.1225297604958,35.7491858856336,72.1499276807883,1.1452369473141
18_n2811,20,17,6.67771780395815,6.67771780395987,6.67771780395815,0.392806929644597
18_n2811,21,16,0,0,0,0
18_n2811,22,16,0,0,0,0
18_n2811,23,43,7.61376976961519,11.945464759035,40.2829021619751,0.936811678185468
18_n2811,24,12,3.39921315687194,3.39921315687348,3.39921315687194,0.283267763072661
18_n2811,25,7,0,0,0,0
18_n2811,26,10,0,0,0,0
18_n2811,27,10,17.3838585828066,23.2847532614043,48.748490261589,4.8748490261589
18_n2811,28,7,33.0508523812439,33.050852381244,39.6262717122474,5.66089595889249
18_n2812,1,17,0,0,0,0
18_n2812,2,10,0,0,0,0
18_n2812,3,9,0,0,0,0
18_n2812,4,16,9.47474236887189,9.47474236887161,10.3704931271548,0.648155820447174
18_n2812,5,12,0,0,0,0
18_n2813,1,100,22.1273412045082,23.8348694041787,44.603604786922,0.446036047869219
18_n2813,2,35,2.67108712518364,2.67108712518449,2.67108712518364,0.076316775005247
18_n2813,3,11,0,0,0,0
18_n2813,4,41,0,0,0,0
18_n2813,5,13,5.08559837284768,5.08559837284537,5.08559837284768,0.391199874834437
18_n2813,6,38,2.11167978608265,13.2548913932419,34.1771165928553,0.899397805075141
18_n2814,1,49,9.28522837671351,9.84282971782296,20.0527368692504,0.409239527943887
18_n2814,2,8,0,0,0,0
18_n2814,3,9,2.66656218707633,2.66656218708059,2.66656218707633,0.296284687452926
18_n2814,4,16,4.8072133473579,4.80721334735867,4.8072133473579,0.300450834209868
18_n2814,5,19,0,0,0,0
18_n2814,6,22,0,0,0,0
18_n2814,7,22,7.54217681974893,7.54217681975162,7.54217681974893,0.342826219079497
18_n2814,8,38,16.0271257419658,16.0271257419659,24.0141363735859,0.631950957199628
18_n2814,9,12,2.66656218707613,2.66656218706968,2.66656218707613,0.222213515589677
18_n2814,10,47,2.10810250841022,3.887148959357,6.55371114643977,0.139440662690208
18_n2814,11,53,3.39921315652758,3.39921315652673,3.39921315652758,0.064136097292973
18_n2814,12,44,0,0,0,0
18_n2814,13,16,0,0,0,0
18_n2814,14,21,0,0,0,0
18_n2814,15,24,0,0,0,0
18_n2814,16,32,0,6.32430752523066,16.6484583310753,0.520264322846103
18_n2814,17,12,14.1729724336723,14.172972433672,14.4276615014146,1.20230512511788
18_n2814,18,7,0,0,0,0
18_n2814,19,8,4.71386051234319,13.3993091580495,24.4341737016423,3.05427171270528
18_n2814,20,13,20.3079325894479,20.3079325894478,46.9865624809825,3.61435096007558
18_n2814,21,15,0,0,0,0
18_n2815,1,7,0,0,0,0
18_n2815,2,9,18.4709534769036,22.1288969784929,39.4224843060883,4.38027603400981
18_n2815,3,14,9.13716608453752,9.13716608453667,13.2339326377324,0.945280902695172
18_n2815,4,27,2.83331492548282,8.11337922379447,17.4243625986811,0.645346762914114
18_n2815,5,20,5.37583709584501,5.73702546748122,10.5619869237223,0.528099346186113
18_n2815,6,22,0,0,0,0
18_n2815,7,9,28.8525516813363,36.0733401419222,50.775000144127,5.64166668268077
18_n2815,8,9,18.4709534769043,27.2499503796642,36.2140413842878,4.02378237603198
18_n2815,9,9,0.895972849307952,11.226507623982,21.675256790781,2.40836186564233
18_n2815,10,7,13.5585295070472,16.0276495763681,21.477639652301,3.068234236043
18_n2815,11,10,30.1185507912796,30.1185507912794,50.7976094147531,5.07976094147531
18_n2815,12,19,5.66662985096606,5.66662985096966,10.735017671001,0.565000930052682
18_n2815,13,9,4.82496145623935,4.82496145624241,4.82496145623935,0.536106828471039
18_n2815,14,8,16.7381541394815,16.7381541394791,16.7381541394815,2.09226926743519
18_n2815,15,42,0,0,0,0
18_n2815,16,18,20.9166967743371,20.9166967743381,24.536016058885,1.36311200327139
18_n2815,17,13,15.6474931136708,15.6474931136709,21.5250864921223,1.65577588400941
18_n2815,18,45,0,0,0,0
18_n2815,19,12,0,0,0,0
18_n2815,20,26,0,0,0,0
18_n2815,21,9,0,0,0,0
18_n2815,22,25,3.23047604960219,8.01382478818589,12.8387862444231,0.513551449776923
18_n2815,23,16,0,0,0,0
